LSOA code,LSOA name,forecast_month,pred_next,fill_color
E01018313,Cheshire West and Chester 031A,2026-02-01,0.41495586271514073,"[255, 244, 244, 180]"
E01018317,Cheshire West and Chester 031E,2026-02-01,0.26904782232913094,"[255, 244, 244, 180]"
E01018330,Cheshire West and Chester 034D,2026-02-01,0.41760805733878614,"[255, 244, 244, 180]"
E01018332,Cheshire West and Chester 043A,2026-02-01,0.3753132159967474,"[255, 244, 244, 180]"
E01018335,Cheshire West and Chester 046A,2026-02-01,0.23854996305629786,"[255, 244, 244, 180]"
E01018339,Cheshire West and Chester 047A,2026-02-01,0.6020434685186075,"[255, 243, 243, 180]"
E01018352,Cheshire West and Chester 044B,2026-02-01,0.2684326987964766,"[255, 244, 244, 180]"
E01018357,Cheshire West and Chester 047D,2026-02-01,0.2685417507135636,"[255, 244, 244, 180]"
E01018373,Cheshire West and Chester 047E,2026-02-01,0.25321660510778154,"[255, 244, 244, 180]"
E01018552,Cheshire West and Chester 011D,2026-02-01,0.23854421796564337,"[255, 244, 244, 180]"
E01028864,Shropshire 004A,2026-02-01,0.3740769689066879,"[255, 244, 244, 180]"
E01028866,Shropshire 004C,2026-02-01,0.2532200418985922,"[255, 244, 244, 180]"
E01028920,Shropshire 003D,2026-02-01,0.28493065942803103,"[255, 244, 244, 180]"
E01028925,Shropshire 003F,2026-02-01,0.23854421796564337,"[255, 244, 244, 180]"
W01000003,Isle of Anglesey 001A,2026-02-01,15.801669106446678,"[255, 218, 218, 180]"
W01000004,Isle of Anglesey 001B,2026-02-01,4.481118775022669,"[255, 237, 237, 180]"
W01000005,Isle of Anglesey 005A,2026-02-01,8.122796466431755,"[255, 231, 231, 180]"
W01000006,Isle of Anglesey 006A,2026-02-01,3.5418254742389874,"[255, 239, 239, 180]"
W01000007,Isle of Anglesey 009A,2026-02-01,4.393718843757897,"[255, 237, 237, 180]"
W01000008,Isle of Anglesey 008A,2026-02-01,4.203106293727337,"[255, 237, 237, 180]"
W01000009,Isle of Anglesey 007C,2026-02-01,8.950232886308518,"[255, 229, 229, 180]"
W01000010,Isle of Anglesey 002A,2026-02-01,5.4960380498372325,"[255, 235, 235, 180]"
W01000011,Isle of Anglesey 008B,2026-02-01,13.380921112987467,"[255, 222, 222, 180]"
W01000012,Isle of Anglesey 006B,2026-02-01,17.730693319173525,"[255, 215, 215, 180]"
W01000013,Isle of Anglesey 005B,2026-02-01,4.418265036028893,"[255, 237, 237, 180]"
W01000014,Isle of Anglesey 006C,2026-02-01,12.795517446566473,"[255, 223, 223, 180]"
W01000015,Isle of Anglesey 008C,2026-02-01,4.6802897657994516,"[255, 237, 237, 180]"
W01000016,Isle of Anglesey 003A,2026-02-01,30.679210190622925,"[255, 193, 193, 180]"
W01000017,Isle of Anglesey 003B,2026-02-01,15.057509871436155,"[255, 219, 219, 180]"
W01000018,Isle of Anglesey 001C,2026-02-01,5.564918907683054,"[255, 235, 235, 180]"
W01000019,Isle of Anglesey 005C,2026-02-01,3.6528022855253006,"[255, 238, 238, 180]"
W01000021,Isle of Anglesey 002C,2026-02-01,6.154420076172417,"[255, 234, 234, 180]"
W01000022,Isle of Anglesey 004A,2026-02-01,4.7336010616574065,"[255, 237, 237, 180]"
W01000023,Isle of Anglesey 007D,2026-02-01,6.134019314315103,"[255, 234, 234, 180]"
W01000024,Isle of Anglesey 007E,2026-02-01,6.607897163146625,"[255, 233, 233, 180]"
W01000025,Isle of Anglesey 009B,2026-02-01,9.200454714418088,"[255, 229, 229, 180]"
W01000026,Isle of Anglesey 005D,2026-02-01,3.467548723489702,"[255, 239, 239, 180]"
W01000027,Isle of Anglesey 009C,2026-02-01,7.385981782073452,"[255, 232, 232, 180]"
W01000028,Isle of Anglesey 001D,2026-02-01,5.50878908172235,"[255, 235, 235, 180]"
W01000029,Isle of Anglesey 003C,2026-02-01,20.339891253490173,"[255, 210, 210, 180]"
W01000030,Isle of Anglesey 003D,2026-02-01,16.90176820592705,"[255, 216, 216, 180]"
W01000031,Isle of Anglesey 001E,2026-02-01,4.877847090295923,"[255, 236, 236, 180]"
W01000033,Isle of Anglesey 003E,2026-02-01,15.90271053863737,"[255, 218, 218, 180]"
W01000034,Isle of Anglesey 004B,2026-02-01,7.21502159420033,"[255, 232, 232, 180]"
W01000035,Isle of Anglesey 005E,2026-02-01,7.542638452827461,"[255, 232, 232, 180]"
W01000036,Isle of Anglesey 003F,2026-02-01,11.142102999713266,"[255, 226, 226, 180]"
W01000037,Isle of Anglesey 003G,2026-02-01,6.517022674061731,"[255, 234, 234, 180]"
W01000038,Isle of Anglesey 009D,2026-02-01,8.312548377551643,"[255, 231, 231, 180]"
W01000040,Isle of Anglesey 004D,2026-02-01,5.991954496793475,"[255, 234, 234, 180]"
W01000041,Isle of Anglesey 006D,2026-02-01,19.125741682192128,"[255, 212, 212, 180]"
W01000042,Isle of Anglesey 008D,2026-02-01,6.104070035077402,"[255, 234, 234, 180]"
W01000044,Isle of Anglesey 004F,2026-02-01,1.1278251679213103,"[255, 243, 243, 180]"
W01000047,Gwynedd 011A,2026-02-01,4.181653001653152,"[255, 237, 237, 180]"
W01000050,Gwynedd 003A,2026-02-01,7.297888487663943,"[255, 232, 232, 180]"
W01000051,Gwynedd 015A,2026-02-01,9.441677947228445,"[255, 229, 229, 180]"
W01000052,Gwynedd 004A,2026-02-01,2.387820785903637,"[255, 240, 240, 180]"
W01000053,Gwynedd 004B,2026-02-01,2.2548952634517185,"[255, 241, 241, 180]"
W01000054,Gwynedd 007A,2026-02-01,2.7756476402674837,"[255, 240, 240, 180]"
W01000056,Gwynedd 009A,2026-02-01,18.436691894686476,"[255, 214, 214, 180]"
W01000057,Gwynedd 016C,2026-02-01,4.682278991835268,"[255, 237, 237, 180]"
W01000059,Gwynedd 006A,2026-02-01,31.613451808734723,"[255, 192, 192, 180]"
W01000060,Gwynedd 015B,2026-02-01,2.950232018105065,"[255, 240, 240, 180]"
W01000061,Gwynedd 011B,2026-02-01,8.118873892700508,"[255, 231, 231, 180]"
W01000062,Gwynedd 001A,2026-02-01,69.44948717021961,"[255, 128, 128, 180]"
W01000063,Gwynedd 005A,2026-02-01,9.306778708288977,"[255, 229, 229, 180]"
W01000064,Gwynedd 002A,2026-02-01,26.902187942075425,"[255, 199, 199, 180]"
W01000065,Gwynedd 009B,2026-02-01,6.77706298896124,"[255, 233, 233, 180]"
W01000066,Gwynedd 010A,2026-02-01,3.283071037330595,"[255, 239, 239, 180]"
W01000067,Gwynedd 016D,2026-02-01,10.164666228183686,"[255, 227, 227, 180]"
W01000068,Gwynedd 016E,2026-02-01,8.0511428696239,"[255, 231, 231, 180]"
W01000070,Gwynedd 012A,2026-02-01,4.213758189573263,"[255, 237, 237, 180]"
W01000071,Gwynedd 003B,2026-02-01,9.721855085564663,"[255, 228, 228, 180]"
W01000072,Gwynedd 002B,2026-02-01,10.263510941301172,"[255, 227, 227, 180]"
W01000073,Gwynedd 008A,2026-02-01,6.08049579916575,"[255, 234, 234, 180]"
W01000074,Gwynedd 013B,2026-02-01,6.4159539491095625,"[255, 234, 234, 180]"
W01000075,Gwynedd 002C,2026-02-01,11.696651356599137,"[255, 225, 225, 180]"
W01000076,Gwynedd 001B,2026-02-01,10.097140843420988,"[255, 228, 228, 180]"
W01000077,Gwynedd 001C,2026-02-01,17.23392234974983,"[255, 216, 216, 180]"
W01000078,Gwynedd 011C,2026-02-01,8.508249969424982,"[255, 230, 230, 180]"
W01000080,Gwynedd 014C,2026-02-01,8.941484779675934,"[255, 230, 230, 180]"
W01000081,Gwynedd 005B,2026-02-01,13.29214957427217,"[255, 222, 222, 180]"
W01000082,Gwynedd 015C,2026-02-01,2.79566758426574,"[255, 240, 240, 180]"
W01000083,Gwynedd 015D,2026-02-01,4.222854438130402,"[255, 237, 237, 180]"
W01000084,Gwynedd 014D,2026-02-01,3.1169524655945073,"[255, 239, 239, 180]"
W01000085,Gwynedd 017C,2026-02-01,6.933853367458863,"[255, 233, 233, 180]"
W01000086,Gwynedd 008B,2026-02-01,14.925390952883022,"[255, 219, 219, 180]"
W01000087,Gwynedd 004C,2026-02-01,6.823187326427717,"[255, 233, 233, 180]"
W01000088,Gwynedd 007B,2026-02-01,5.36550854515322,"[255, 236, 236, 180]"
W01000089,Gwynedd 011D,2026-02-01,10.666191807381612,"[255, 227, 227, 180]"
W01000090,Gwynedd 002D,2026-02-01,11.17284415185345,"[255, 226, 226, 180]"
W01000091,Gwynedd 001D,2026-02-01,9.90820521564987,"[255, 228, 228, 180]"
W01000092,Gwynedd 001E,2026-02-01,21.14074307496789,"[255, 209, 209, 180]"
W01000093,Gwynedd 006B,2026-02-01,22.95743977250242,"[255, 206, 206, 180]"
W01000094,Gwynedd 012B,2026-02-01,4.007543288279276,"[255, 238, 238, 180]"
W01000095,Gwynedd 012C,2026-02-01,6.423749604953896,"[255, 234, 234, 180]"
W01000096,Gwynedd 003C,2026-02-01,7.677335159551759,"[255, 232, 232, 180]"
W01000097,Gwynedd 003D,2026-02-01,8.928431622279243,"[255, 230, 230, 180]"
W01000098,Gwynedd 006C,2026-02-01,28.178668304395107,"[255, 197, 197, 180]"
W01000099,Gwynedd 005C,2026-02-01,3.9100721750475684,"[255, 238, 238, 180]"
W01000100,Gwynedd 010B,2026-02-01,4.456324225320833,"[255, 237, 237, 180]"
W01000101,Gwynedd 013D,2026-02-01,7.277701439412674,"[255, 232, 232, 180]"
W01000102,Gwynedd 002E,2026-02-01,18.801412733570817,"[255, 213, 213, 180]"
W01000103,Gwynedd 005D,2026-02-01,6.5224936271952245,"[255, 234, 234, 180]"
W01000104,Gwynedd 008C,2026-02-01,18.741503281129642,"[255, 213, 213, 180]"
W01000105,Gwynedd 010C,2026-02-01,12.417565799664658,"[255, 224, 224, 180]"
W01000106,Gwynedd 010D,2026-02-01,14.736113155685215,"[255, 220, 220, 180]"
W01000107,Gwynedd 010E,2026-02-01,7.89200745089905,"[255, 231, 231, 180]"
W01000108,Gwynedd 012D,2026-02-01,29.469852976571968,"[255, 195, 195, 180]"
W01000109,Gwynedd 012E,2026-02-01,12.261781299317372,"[255, 224, 224, 180]"
W01000110,Gwynedd 006D,2026-02-01,5.947596357780763,"[255, 235, 235, 180]"
W01000111,Gwynedd 007C,2026-02-01,36.60785341883642,"[255, 183, 183, 180]"
W01000112,Gwynedd 008D,2026-02-01,9.106135380418682,"[255, 229, 229, 180]"
W01000113,Gwynedd 009C,2026-02-01,9.859601900212658,"[255, 228, 228, 180]"
W01000114,Gwynedd 009D,2026-02-01,6.353614486974423,"[255, 234, 234, 180]"
W01000115,Gwynedd 003E,2026-02-01,7.556434304538231,"[255, 232, 232, 180]"
W01000116,Gwynedd 017D,2026-02-01,4.996748255292612,"[255, 236, 236, 180]"
W01000117,Gwynedd 017E,2026-02-01,8.270853515832052,"[255, 231, 231, 180]"
W01000118,Gwynedd 007D,2026-02-01,5.554712285126456,"[255, 235, 235, 180]"
W01000119,Gwynedd 004D,2026-02-01,10.054624346457576,"[255, 228, 228, 180]"
W01000121,Conwy 015A,2026-02-01,7.769517572917599,"[255, 231, 231, 180]"
W01000122,Conwy 014A,2026-02-01,8.257067740653246,"[255, 231, 231, 180]"
W01000123,Conwy 013A,2026-02-01,10.735277965189583,"[255, 227, 227, 180]"
W01000124,Conwy 012A,2026-02-01,4.3591921487313625,"[255, 237, 237, 180]"
W01000125,Conwy 013B,2026-02-01,4.5147128173391975,"[255, 237, 237, 180]"
W01000126,Conwy 009A,2026-02-01,10.96608538090226,"[255, 226, 226, 180]"
W01000127,Conwy 009B,2026-02-01,10.674907188234878,"[255, 227, 227, 180]"
W01000128,Conwy 009C,2026-02-01,17.889853548369395,"[255, 215, 215, 180]"
W01000129,Conwy 012B,2026-02-01,7.051384603794493,"[255, 233, 233, 180]"
W01000130,Conwy 012C,2026-02-01,13.61787077660424,"[255, 222, 222, 180]"
W01000131,Conwy 012D,2026-02-01,5.757697577147641,"[255, 235, 235, 180]"
W01000132,Conwy 001A,2026-02-01,12.681530662274831,"[255, 223, 223, 180]"
W01000133,Conwy 002A,2026-02-01,4.461871831298442,"[255, 237, 237, 180]"
W01000134,Conwy 015B,2026-02-01,22.64623089815564,"[255, 207, 207, 180]"
W01000135,Conwy 006A,2026-02-01,3.353344226070104,"[255, 239, 239, 180]"
W01000136,Conwy 006B,2026-02-01,7.39533944941776,"[255, 232, 232, 180]"
W01000137,Conwy 015C,2026-02-01,3.11500419062399,"[255, 239, 239, 180]"
W01000138,Conwy 008A,2026-02-01,14.876022243650175,"[255, 220, 220, 180]"
W01000139,Conwy 007A,2026-02-01,13.721253763524084,"[255, 221, 221, 180]"
W01000140,Conwy 010B,2026-02-01,12.276104247845888,"[255, 224, 224, 180]"
W01000141,Conwy 010C,2026-02-01,4.257846393689333,"[255, 237, 237, 180]"
W01000142,Conwy 010D,2026-02-01,4.971613428408284,"[255, 236, 236, 180]"
W01000143,Conwy 007B,2026-02-01,19.125091922768796,"[255, 212, 212, 180]"
W01000144,Conwy 007C,2026-02-01,62.760755518102975,"[255, 139, 139, 180]"
W01000145,Conwy 008B,2026-02-01,14.062504897833476,"[255, 221, 221, 180]"
W01000146,Conwy 001B,2026-02-01,57.15520243171471,"[255, 149, 149, 180]"
W01000147,Conwy 001C,2026-02-01,8.162887520386851,"[255, 231, 231, 180]"
W01000148,Conwy 015D,2026-02-01,3.4354420393879965,"[255, 239, 239, 180]"
W01000149,Conwy 005A,2026-02-01,11.748410954673428,"[255, 225, 225, 180]"
W01000150,Conwy 005B,2026-02-01,6.009803192468926,"[255, 234, 234, 180]"
W01000151,Conwy 005C,2026-02-01,12.824513147627913,"[255, 223, 223, 180]"
W01000152,Conwy 005D,2026-02-01,13.047401130021703,"[255, 223, 223, 180]"
W01000153,Conwy 009D,2026-02-01,10.573122561705565,"[255, 227, 227, 180]"
W01000154,Conwy 003A,2026-02-01,6.80369719238774,"[255, 233, 233, 180]"
W01000155,Conwy 004A,2026-02-01,7.770557421541199,"[255, 231, 231, 180]"
W01000156,Conwy 004B,2026-02-01,21.91825535911012,"[255, 208, 208, 180]"
W01000157,Conwy 004C,2026-02-01,17.69582416744751,"[255, 215, 215, 180]"
W01000158,Conwy 004D,2026-02-01,13.999799609848166,"[255, 221, 221, 180]"
W01000159,Conwy 014B,2026-02-01,2.5585159100061117,"[255, 240, 240, 180]"
W01000162,Conwy 014C,2026-02-01,6.287397343933403,"[255, 234, 234, 180]"
W01000163,Conwy 009E,2026-02-01,16.37154812883992,"[255, 217, 217, 180]"
W01000164,Conwy 009F,2026-02-01,4.974604638651004,"[255, 236, 236, 180]"
W01000165,Conwy 006C,2026-02-01,6.592560318112224,"[255, 233, 233, 180]"
W01000166,Conwy 006D,2026-02-01,18.123675769845214,"[255, 214, 214, 180]"
W01000167,Conwy 011C,2026-02-01,13.77185169593736,"[255, 221, 221, 180]"
W01000168,Conwy 002B,2026-02-01,22.093668880966213,"[255, 207, 207, 180]"
W01000169,Conwy 001D,2026-02-01,46.42893247289213,"[255, 167, 167, 180]"
W01000170,Conwy 013C,2026-02-01,8.644409125179957,"[255, 230, 230, 180]"
W01000171,Conwy 013D,2026-02-01,9.673526569628164,"[255, 228, 228, 180]"
W01000172,Conwy 013E,2026-02-01,6.648748227835171,"[255, 233, 233, 180]"
W01000173,Conwy 003B,2026-02-01,4.66699057827435,"[255, 237, 237, 180]"
W01000174,Conwy 003C,2026-02-01,4.3116865160174624,"[255, 237, 237, 180]"
W01000175,Conwy 003D,2026-02-01,2.997439409610087,"[255, 239, 239, 180]"
W01000176,Conwy 011D,2026-02-01,18.227431498517472,"[255, 214, 214, 180]"
W01000177,Conwy 011E,2026-02-01,4.993679748037075,"[255, 236, 236, 180]"
W01000178,Conwy 010E,2026-02-01,29.928834892087604,"[255, 194, 194, 180]"
W01000179,Conwy 010F,2026-02-01,11.291851541719517,"[255, 226, 226, 180]"
W01000180,Conwy 008C,2026-02-01,3.891448306971433,"[255, 238, 238, 180]"
W01000181,Conwy 008D,2026-02-01,3.127337913906541,"[255, 239, 239, 180]"
W01000182,Conwy 007D,2026-02-01,30.795050650061512,"[255, 193, 193, 180]"
W01000183,Conwy 008E,2026-02-01,9.320138378444208,"[255, 229, 229, 180]"
W01000184,Conwy 005E,2026-02-01,30.054555160400785,"[255, 194, 194, 180]"
W01000185,Conwy 015E,2026-02-01,3.834657555912652,"[255, 238, 238, 180]"
W01000186,Conwy 001E,2026-02-01,51.5701892056888,"[255, 158, 158, 180]"
W01000187,Conwy 002C,2026-02-01,27.45085602324732,"[255, 198, 198, 180]"
W01000188,Conwy 002D,2026-02-01,9.451172358918324,"[255, 229, 229, 180]"
W01000189,Conwy 015F,2026-02-01,2.9974704932152947,"[255, 239, 239, 180]"
W01000190,Conwy 014D,2026-02-01,4.967650189400093,"[255, 236, 236, 180]"
W01000191,Denbighshire 009A,2026-02-01,31.74814373361315,"[255, 191, 191, 180]"
W01000192,Denbighshire 016A,2026-02-01,4.218618687545693,"[255, 237, 237, 180]"
W01000193,Denbighshire 015A,2026-02-01,8.694979803101038,"[255, 230, 230, 180]"
W01000194,Denbighshire 011A,2026-02-01,25.006736099689864,"[255, 203, 203, 180]"
W01000195,Denbighshire 012A,2026-02-01,3.2238784151531497,"[255, 239, 239, 180]"
W01000196,Denbighshire 012B,2026-02-01,8.00239844606906,"[255, 231, 231, 180]"
W01000197,Denbighshire 012C,2026-02-01,5.485912069899054,"[255, 235, 235, 180]"
W01000198,Denbighshire 011B,2026-02-01,20.1134173201535,"[255, 211, 211, 180]"
W01000199,Denbighshire 011C,2026-02-01,16.550170550330066,"[255, 217, 217, 180]"
W01000200,Denbighshire 008A,2026-02-01,3.56423564857655,"[255, 239, 239, 180]"
W01000201,Denbighshire 008B,2026-02-01,12.382598682929212,"[255, 224, 224, 180]"
W01000202,Denbighshire 015B,2026-02-01,4.376996696587255,"[255, 237, 237, 180]"
W01000203,Denbighshire 013A,2026-02-01,8.253068032986908,"[255, 231, 231, 180]"
W01000204,Denbighshire 013B,2026-02-01,2.629054734969143,"[255, 240, 240, 180]"
W01000205,Denbighshire 016B,2026-02-01,2.7112870929523876,"[255, 240, 240, 180]"
W01000206,Denbighshire 013C,2026-02-01,7.117862370154504,"[255, 233, 233, 180]"
W01000207,Denbighshire 015C,2026-02-01,6.761280330257525,"[255, 233, 233, 180]"
W01000208,Denbighshire 016C,2026-02-01,14.704801416548207,"[255, 220, 220, 180]"
W01000209,Denbighshire 016D,2026-02-01,13.595569827183578,"[255, 222, 222, 180]"
W01000210,Denbighshire 016E,2026-02-01,7.110842199760554,"[255, 233, 233, 180]"
W01000211,Denbighshire 012D,2026-02-01,5.7720598057815415,"[255, 235, 235, 180]"
W01000212,Denbighshire 003A,2026-02-01,8.952248729770634,"[255, 229, 229, 180]"
W01000213,Denbighshire 002A,2026-02-01,21.259752969623175,"[255, 209, 209, 180]"
W01000214,Denbighshire 002B,2026-02-01,34.08601216606046,"[255, 187, 187, 180]"
W01000215,Denbighshire 002C,2026-02-01,2.405962131582474,"[255, 240, 240, 180]"
W01000216,Denbighshire 002D,2026-02-01,14.442011509745653,"[255, 220, 220, 180]"
W01000217,Denbighshire 008C,2026-02-01,11.597824865160014,"[255, 225, 225, 180]"
W01000218,Denbighshire 001A,2026-02-01,17.24895975815902,"[255, 216, 216, 180]"
W01000219,Denbighshire 001B,2026-02-01,13.0595547878234,"[255, 223, 223, 180]"
W01000220,Denbighshire 001C,2026-02-01,6.594439047483787,"[255, 233, 233, 180]"
W01000221,Denbighshire 003B,2026-02-01,11.545880523112226,"[255, 225, 225, 180]"
W01000222,Denbighshire 003C,2026-02-01,5.135616793828838,"[255, 236, 236, 180]"
W01000223,Denbighshire 009B,2026-02-01,10.107905027737619,"[255, 228, 228, 180]"
W01000224,Denbighshire 009C,2026-02-01,6.952953814939444,"[255, 233, 233, 180]"
W01000225,Denbighshire 009D,2026-02-01,11.356019703635027,"[255, 225, 225, 180]"
W01000226,Denbighshire 004A,2026-02-01,15.168960559446463,"[255, 219, 219, 180]"
W01000227,Denbighshire 004B,2026-02-01,5.724030544645908,"[255, 235, 235, 180]"
W01000228,Denbighshire 004C,2026-02-01,16.12245869384348,"[255, 217, 217, 180]"
W01000229,Denbighshire 017E,2026-02-01,10.931173680361223,"[255, 226, 226, 180]"
W01000230,Denbighshire 017F,2026-02-01,9.673182063470078,"[255, 228, 228, 180]"
W01000231,Denbighshire 017A,2026-02-01,9.801262279890114,"[255, 228, 228, 180]"
W01000232,Denbighshire 017B,2026-02-01,6.550596542815672,"[255, 234, 234, 180]"
W01000233,Denbighshire 017C,2026-02-01,5.092384096948961,"[255, 236, 236, 180]"
W01000234,Denbighshire 017G,2026-02-01,18.943262582399424,"[255, 213, 213, 180]"
W01000235,Denbighshire 017D,2026-02-01,4.297441803732631,"[255, 237, 237, 180]"
W01000236,Denbighshire 006A,2026-02-01,40.495943348628415,"[255, 177, 177, 180]"
W01000237,Denbighshire 006B,2026-02-01,26.717974534782478,"[255, 200, 200, 180]"
W01000238,Denbighshire 006C,2026-02-01,19.493588161996716,"[255, 212, 212, 180]"
W01000239,Denbighshire 004D,2026-02-01,37.084822910079254,"[255, 182, 182, 180]"
W01000240,Denbighshire 004E,2026-02-01,107.37630212680263,"[255, 65, 65, 180]"
W01000241,Denbighshire 004F,2026-02-01,41.65411570749638,"[255, 175, 175, 180]"
W01000242,Denbighshire 014A,2026-02-01,12.982916654719522,"[255, 223, 223, 180]"
W01000243,Denbighshire 014B,2026-02-01,18.589348996139037,"[255, 213, 213, 180]"
W01000244,Denbighshire 014C,2026-02-01,3.9667193185569984,"[255, 238, 238, 180]"
W01000245,Denbighshire 010A,2026-02-01,9.775450144973192,"[255, 228, 228, 180]"
W01000246,Denbighshire 010B,2026-02-01,14.652800239578847,"[255, 220, 220, 180]"
W01000247,Denbighshire 010C,2026-02-01,6.228897188852882,"[255, 234, 234, 180]"
W01000248,Denbighshire 008D,2026-02-01,7.13090099871915,"[255, 233, 233, 180]"
W01000249,Flintshire 014A,2026-02-01,2.19463656478109,"[255, 241, 241, 180]"
W01000250,Flintshire 014B,2026-02-01,4.461225843465198,"[255, 237, 237, 180]"
W01000251,Flintshire 013A,2026-02-01,12.164137148587685,"[255, 224, 224, 180]"
W01000252,Flintshire 010A,2026-02-01,4.389422048231819,"[255, 237, 237, 180]"
W01000253,Flintshire 003A,2026-02-01,6.931649458427915,"[255, 233, 233, 180]"
W01000254,Flintshire 003B,2026-02-01,13.621880514236159,"[255, 222, 222, 180]"
W01000255,Flintshire 015A,2026-02-01,27.124226806370896,"[255, 199, 199, 180]"
W01000256,Flintshire 015B,2026-02-01,4.2103892469965665,"[255, 237, 237, 180]"
W01000257,Flintshire 015C,2026-02-01,4.154709422146231,"[255, 238, 238, 180]"
W01000258,Flintshire 006A,2026-02-01,6.851382487851201,"[255, 233, 233, 180]"
W01000259,Flintshire 017A,2026-02-01,21.385304631237933,"[255, 209, 209, 180]"
W01000260,Flintshire 017B,2026-02-01,4.844128320316894,"[255, 236, 236, 180]"
W01000261,Flintshire 014C,2026-02-01,3.514237964324342,"[255, 239, 239, 180]"
W01000262,Flintshire 017C,2026-02-01,12.630186560708365,"[255, 223, 223, 180]"
W01000263,Flintshire 017D,2026-02-01,10.674237755367358,"[255, 227, 227, 180]"
W01000264,Flintshire 012A,2026-02-01,10.046860590404279,"[255, 228, 228, 180]"
W01000265,Flintshire 012B,2026-02-01,4.217900687105494,"[255, 237, 237, 180]"
W01000266,Flintshire 017E,2026-02-01,6.4368873279621805,"[255, 234, 234, 180]"
W01000267,Flintshire 017F,2026-02-01,5.970442517958754,"[255, 234, 234, 180]"
W01000268,Flintshire 013B,2026-02-01,4.747021782658725,"[255, 237, 237, 180]"
W01000269,Flintshire 020A,2026-02-01,8.278235871628222,"[255, 231, 231, 180]"
W01000270,Flintshire 006B,2026-02-01,2.7108472922225464,"[255, 240, 240, 180]"
W01000271,Flintshire 006C,2026-02-01,5.677174593554622,"[255, 235, 235, 180]"
W01000272,Flintshire 006D,2026-02-01,5.9996026346742735,"[255, 234, 234, 180]"
W01000273,Flintshire 007A,2026-02-01,14.02346503425585,"[255, 221, 221, 180]"
W01000274,Flintshire 007B,2026-02-01,24.26131595005399,"[255, 204, 204, 180]"
W01000275,Flintshire 007C,2026-02-01,9.802802736462143,"[255, 228, 228, 180]"
W01000276,Flintshire 008A,2026-02-01,3.099128576061597,"[255, 239, 239, 180]"
W01000277,Flintshire 008B,2026-02-01,8.598102779195823,"[255, 230, 230, 180]"
W01000278,Flintshire 007D,2026-02-01,14.638720827107138,"[255, 220, 220, 180]"
W01000279,Flintshire 008C,2026-02-01,4.6627549794185565,"[255, 237, 237, 180]"
W01000280,Flintshire 010B,2026-02-01,3.349293524481389,"[255, 239, 239, 180]"
W01000281,Flintshire 008D,2026-02-01,2.6292885323500177,"[255, 240, 240, 180]"
W01000282,Flintshire 010C,2026-02-01,2.5053070121384433,"[255, 240, 240, 180]"
W01000283,Flintshire 008E,2026-02-01,18.471575920960976,"[255, 214, 214, 180]"
W01000284,Flintshire 013C,2026-02-01,3.3110931050732293,"[255, 239, 239, 180]"
W01000285,Flintshire 013D,2026-02-01,3.529302460923844,"[255, 239, 239, 180]"
W01000286,Flintshire 013E,2026-02-01,9.74373400861533,"[255, 228, 228, 180]"
W01000287,Flintshire 001A,2026-02-01,15.581992227415109,"[255, 218, 218, 180]"
W01000288,Flintshire 004A,2026-02-01,32.834072361260425,"[255, 189, 189, 180]"
W01000289,Flintshire 005A,2026-02-01,4.443181214502681,"[255, 237, 237, 180]"
W01000290,Flintshire 004B,2026-02-01,34.06262271526825,"[255, 187, 187, 180]"
W01000291,Flintshire 005B,2026-02-01,6.172360813737249,"[255, 234, 234, 180]"
W01000292,Flintshire 004C,2026-02-01,7.92491838186407,"[255, 231, 231, 180]"
W01000293,Flintshire 004D,2026-02-01,17.568486362222504,"[255, 215, 215, 180]"
W01000294,Flintshire 005C,2026-02-01,7.630076993071761,"[255, 232, 232, 180]"
W01000295,Flintshire 005D,2026-02-01,4.739406458012599,"[255, 237, 237, 180]"
W01000296,Flintshire 003C,2026-02-01,15.517658518059994,"[255, 218, 218, 180]"
W01000297,Flintshire 003D,2026-02-01,5.169478260166704,"[255, 236, 236, 180]"
W01000298,Flintshire 001B,2026-02-01,8.350744847855559,"[255, 231, 231, 180]"
W01000299,Flintshire 019A,2026-02-01,3.7921943292429714,"[255, 238, 238, 180]"
W01000300,Flintshire 019B,2026-02-01,3.3047778078151335,"[255, 239, 239, 180]"
W01000301,Flintshire 006E,2026-02-01,5.980824335774846,"[255, 234, 234, 180]"
W01000302,Flintshire 013F,2026-02-01,4.083590945112289,"[255, 238, 238, 180]"
W01000303,Flintshire 018A,2026-02-01,2.2628980002045815,"[255, 241, 241, 180]"
W01000304,Flintshire 003E,2026-02-01,53.3768675359679,"[255, 155, 155, 180]"
W01000305,Flintshire 003F,2026-02-01,11.424230605544905,"[255, 225, 225, 180]"
W01000306,Flintshire 002A,2026-02-01,18.748398777674193,"[255, 213, 213, 180]"
W01000307,Flintshire 020B,2026-02-01,3.8533133518803817,"[255, 238, 238, 180]"
W01000308,Flintshire 020C,2026-02-01,5.97446593869474,"[255, 234, 234, 180]"
W01000309,Flintshire 019C,2026-02-01,7.477244286336355,"[255, 232, 232, 180]"
W01000310,Flintshire 020D,2026-02-01,6.140389467787153,"[255, 234, 234, 180]"
W01000311,Flintshire 011A,2026-02-01,7.706405570515873,"[255, 232, 232, 180]"
W01000312,Flintshire 011B,2026-02-01,6.822689398091887,"[255, 233, 233, 180]"
W01000313,Flintshire 016A,2026-02-01,11.50440927547014,"[255, 225, 225, 180]"
W01000314,Flintshire 016B,2026-02-01,15.757087128944207,"[255, 218, 218, 180]"
W01000315,Flintshire 016C,2026-02-01,38.86400068835216,"[255, 179, 179, 180]"
W01000316,Flintshire 016D,2026-02-01,3.4639670565729035,"[255, 239, 239, 180]"
W01000317,Flintshire 016E,2026-02-01,3.6372911789852034,"[255, 238, 238, 180]"
W01000318,Flintshire 016F,2026-02-01,15.35490316994293,"[255, 219, 219, 180]"
W01000319,Flintshire 016G,2026-02-01,18.965489824379276,"[255, 213, 213, 180]"
W01000320,Flintshire 002B,2026-02-01,17.321683892183746,"[255, 215, 215, 180]"
W01000321,Flintshire 014D,2026-02-01,2.7790367144563914,"[255, 240, 240, 180]"
W01000322,Flintshire 014E,2026-02-01,8.005738003660055,"[255, 231, 231, 180]"
W01000323,Flintshire 012C,2026-02-01,3.4121121663956804,"[255, 239, 239, 180]"
W01000324,Flintshire 012D,2026-02-01,2.244030446709202,"[255, 241, 241, 180]"
W01000325,Flintshire 010D,2026-02-01,5.090326263078832,"[255, 236, 236, 180]"
W01000326,Flintshire 018B,2026-02-01,7.684614378980346,"[255, 232, 232, 180]"
W01000327,Flintshire 018C,2026-02-01,9.178789653272748,"[255, 229, 229, 180]"
W01000328,Flintshire 011C,2026-02-01,23.08555198872285,"[255, 206, 206, 180]"
W01000329,Flintshire 015D,2026-02-01,12.36632104517872,"[255, 224, 224, 180]"
W01000330,Flintshire 015E,2026-02-01,11.67579498690764,"[255, 225, 225, 180]"
W01000331,Flintshire 015F,2026-02-01,5.811392173831847,"[255, 235, 235, 180]"
W01000332,Flintshire 009A,2026-02-01,15.037678709941215,"[255, 219, 219, 180]"
W01000333,Flintshire 009B,2026-02-01,16.872148901214167,"[255, 216, 216, 180]"
W01000334,Flintshire 009C,2026-02-01,16.145421243905684,"[255, 217, 217, 180]"
W01000335,Flintshire 009D,2026-02-01,12.447186854715163,"[255, 224, 224, 180]"
W01000336,Flintshire 009E,2026-02-01,29.003740943937945,"[255, 196, 196, 180]"
W01000337,Flintshire 009F,2026-02-01,22.432740517018374,"[255, 207, 207, 180]"
W01000338,Flintshire 001C,2026-02-01,7.505195225840123,"[255, 232, 232, 180]"
W01000339,Flintshire 019D,2026-02-01,5.340837819833656,"[255, 236, 236, 180]"
W01000340,Flintshire 002C,2026-02-01,5.136027132495996,"[255, 236, 236, 180]"
W01000341,Wrexham 009A,2026-02-01,6.147947742935924,"[255, 234, 234, 180]"
W01000341,Wrexham 023C,2026-02-01,5.244684255977906,"[255, 236, 236, 180]"
W01000342,Wrexham 009B,2026-02-01,6.42445005687903,"[255, 234, 234, 180]"
W01000342,Wrexham 023E,2026-02-01,5.902281266920715,"[255, 235, 235, 180]"
W01000343,Wrexham 007A,2026-02-01,0.7426235254808478,"[255, 243, 243, 180]"
W01000343,Wrexham 023B,2026-02-01,0.7426235254808478,"[255, 243, 243, 180]"
W01000344,Wrexham 007B,2026-02-01,1.1431921503065121,"[255, 243, 243, 180]"
W01000344,Wrexham 023A,2026-02-01,1.1121305557846233,"[255, 243, 243, 180]"
W01000345,Wrexham 018A,2026-02-01,4.5094896868886805,"[255, 237, 237, 180]"
W01000346,Wrexham 018B,2026-02-01,4.000491808092996,"[255, 238, 238, 180]"
W01000347,Wrexham 006A,2026-02-01,12.375317019526136,"[255, 224, 224, 180]"
W01000348,Wrexham 006B,2026-02-01,7.3727160672386916,"[255, 232, 232, 180]"
W01000349,Wrexham 011A,2026-02-01,36.45897717643646,"[255, 183, 183, 180]"
W01000350,Wrexham 011B,2026-02-01,65.04856037076654,"[255, 135, 135, 180]"
W01000351,Wrexham 005A,2026-02-01,9.790254991319284,"[255, 228, 228, 180]"
W01000354,Wrexham 017A,2026-02-01,10.031508424202427,"[255, 228, 228, 180]"
W01000355,Wrexham 017B,2026-02-01,18.568538285092156,"[255, 213, 213, 180]"
W01000356,Wrexham 017C,2026-02-01,6.93639890302497,"[255, 233, 233, 180]"
W01000359,Wrexham 019C,2026-02-01,4.523471500308822,"[255, 237, 237, 180]"
W01000360,Wrexham 019D,2026-02-01,11.43627792834228,"[255, 225, 225, 180]"
W01000361,Wrexham 019E,2026-02-01,17.43159359582851,"[255, 215, 215, 180]"
W01000362,Wrexham 006C,2026-02-01,7.849726633760533,"[255, 231, 231, 180]"
W01000363,Wrexham 006D,2026-02-01,6.000972072759268,"[255, 234, 234, 180]"
W01000364,Wrexham 006E,2026-02-01,10.424787500381616,"[255, 227, 227, 180]"
W01000365,Wrexham 011C,2026-02-01,17.386719935363274,"[255, 215, 215, 180]"
W01000366,Wrexham 014A,2026-02-01,9.975372214730971,"[255, 228, 228, 180]"
W01000367,Wrexham 014B,2026-02-01,5.542841421768511,"[255, 235, 235, 180]"
W01000368,Wrexham 008A,2026-02-01,5.082792266648261,"[255, 236, 236, 180]"
W01000369,Wrexham 020F,2026-02-01,2.130960942135776,"[255, 241, 241, 180]"
W01000369,Wrexham 021B,2026-02-01,2.0922626625803584,"[255, 241, 241, 180]"
W01000370,Wrexham 020G,2026-02-01,2.2002373829128072,"[255, 241, 241, 180]"
W01000370,Wrexham 021D,2026-02-01,2.168984210167349,"[255, 241, 241, 180]"
W01000371,Wrexham 008B,2026-02-01,6.431880107636866,"[255, 234, 234, 180]"
W01000372,Wrexham 008C,2026-02-01,106.41207892515283,"[255, 66, 66, 180]"
W01000373,Wrexham 005B,2026-02-01,12.616805086490498,"[255, 223, 223, 180]"
W01000374,Wrexham 003A,2026-02-01,12.447296546223109,"[255, 224, 224, 180]"
W01000375,Wrexham 003B,2026-02-01,14.090528408747677,"[255, 221, 221, 180]"
W01000376,Wrexham 003C,2026-02-01,2.080047406351704,"[255, 241, 241, 180]"
W01000377,Wrexham 004A,2026-02-01,5.172815633822323,"[255, 236, 236, 180]"
W01000378,Wrexham 004B,2026-02-01,11.543587635050518,"[255, 225, 225, 180]"
W01000379,Wrexham 004C,2026-02-01,14.953068186068421,"[255, 219, 219, 180]"
W01000380,Wrexham 004D,2026-02-01,3.239907288483143,"[255, 239, 239, 180]"
W01000381,Wrexham 012A,2026-02-01,7.601064715201927,"[255, 232, 232, 180]"
W01000382,Wrexham 012B,2026-02-01,12.160531494418835,"[255, 224, 224, 180]"
W01000384,Wrexham 020B,2026-02-01,1.3538476227342466,"[255, 242, 242, 180]"
W01000384,Wrexham 022C,2026-02-01,1.33162486806897,"[255, 242, 242, 180]"
W01000385,Wrexham 014C,2026-02-01,4.707100153805107,"[255, 237, 237, 180]"
W01000386,Wrexham 015A,2026-02-01,12.422287181394214,"[255, 224, 224, 180]"
W01000387,Wrexham 008D,2026-02-01,2.057302772889901,"[255, 241, 241, 180]"
W01000388,Wrexham 008E,2026-02-01,4.012028719727293,"[255, 238, 238, 180]"
W01000389,Wrexham 017D,2026-02-01,8.001359127172625,"[255, 231, 231, 180]"
W01000390,Wrexham 020C,2026-02-01,6.510968077784428,"[255, 234, 234, 180]"
W01000390,Wrexham 021A,2026-02-01,5.983892588458983,"[255, 234, 234, 180]"
W01000391,Wrexham 003D,2026-02-01,5.01064050571058,"[255, 236, 236, 180]"
W01000392,Wrexham 003E,2026-02-01,9.371949295091069,"[255, 229, 229, 180]"
W01000393,Wrexham 009C,2026-02-01,11.409852579386044,"[255, 225, 225, 180]"
W01000393,Wrexham 023G,2026-02-01,9.697892293688748,"[255, 228, 228, 180]"
W01000394,Wrexham 016A,2026-02-01,4.2722026259079025,"[255, 237, 237, 180]"
W01000395,Wrexham 016B,2026-02-01,4.625259102806396,"[255, 237, 237, 180]"
W01000398,Wrexham 013A,2026-02-01,6.931598480300648,"[255, 233, 233, 180]"
W01000399,Wrexham 013B,2026-02-01,5.8135292809887735,"[255, 235, 235, 180]"
W01000400,Wrexham 005C,2026-02-01,13.255120899506242,"[255, 222, 222, 180]"
W01000401,Wrexham 005D,2026-02-01,13.973807576888905,"[255, 221, 221, 180]"
W01000402,Wrexham 011D,2026-02-01,32.88626686891613,"[255, 189, 189, 180]"
W01000403,Wrexham 018C,2026-02-01,1.9721942639148207,"[255, 241, 241, 180]"
W01000404,Wrexham 018D,2026-02-01,6.063920734204055,"[255, 234, 234, 180]"
W01000405,Wrexham 015B,2026-02-01,19.1370534595062,"[255, 212, 212, 180]"
W01000406,Wrexham 013C,2026-02-01,18.07661088552519,"[255, 214, 214, 180]"
W01000407,Wrexham 016C,2026-02-01,12.353777623093409,"[255, 224, 224, 180]"
W01000408,Wrexham 013D,2026-02-01,5.649989531336764,"[255, 235, 235, 180]"
W01000409,Wrexham 017E,2026-02-01,24.695496996830112,"[255, 203, 203, 180]"
W01000410,Wrexham 014D,2026-02-01,14.241907164295743,"[255, 221, 221, 180]"
W01000411,Wrexham 015C,2026-02-01,18.123656743518303,"[255, 214, 214, 180]"
W01000412,Wrexham 015D,2026-02-01,10.205089097316671,"[255, 227, 227, 180]"
W01000413,Wrexham 010C,2026-02-01,24.329363003724612,"[255, 204, 204, 180]"
W01000414,Wrexham 010D,2026-02-01,10.99966054191601,"[255, 226, 226, 180]"
W01000415,Wrexham 007C,2026-02-01,5.537712164153354,"[255, 235, 235, 180]"
W01000415,Wrexham 023F,2026-02-01,5.189084268853307,"[255, 236, 236, 180]"
W01000416,Wrexham 007D,2026-02-01,1.3567888491740636,"[255, 242, 242, 180]"
W01000416,Wrexham 023D,2026-02-01,1.3301076706446437,"[255, 242, 242, 180]"
W01000417,Wrexham 020D,2026-02-01,1.6527776416649655,"[255, 242, 242, 180]"
W01000417,Wrexham 022B,2026-02-01,1.5961263037420497,"[255, 242, 242, 180]"
W01000418,Wrexham 020E,2026-02-01,6.555947629024034,"[255, 234, 234, 180]"
W01000418,Wrexham 022A,2026-02-01,5.820117286077284,"[255, 235, 235, 180]"
W01000419,Wrexham 016D,2026-02-01,12.724915279106591,"[255, 223, 223, 180]"
W01000420,Wrexham 016E,2026-02-01,10.572054518845247,"[255, 227, 227, 180]"
W01000422,Wrexham 008F,2026-02-01,10.332844643411207,"[255, 227, 227, 180]"
W01000423,Wrexham 012D,2026-02-01,29.270528491002697,"[255, 195, 195, 180]"
W01000424,Wrexham 012E,2026-02-01,9.692289100947038,"[255, 228, 228, 180]"
W01000425,Wrexham 010E,2026-02-01,24.294156440510193,"[255, 204, 204, 180]"
W01000442,Powys 004A,2026-02-01,0.4590762348264876,"[255, 244, 244, 180]"
W01000693,Carmarthenshire 008C,2026-02-01,0.23854816664571402,"[255, 244, 244, 180]"
W01001926,Conwy 011F,2026-02-01,7.404818800608419,"[255, 232, 232, 180]"
W01001927,Conwy 010G,2026-02-01,7.244428032679007,"[255, 232, 232, 180]"
W01001928,Conwy 010H,2026-02-01,25.425048859868106,"[255, 202, 202, 180]"
W01001929,Wrexham 012F,2026-02-01,16.66848850553484,"[255, 217, 217, 180]"
W01001930,Wrexham 019F,2026-02-01,8.215883282986024,"[255, 231, 231, 180]"
W01001931,Wrexham 012G,2026-02-01,61.24316126884367,"[255, 142, 142, 180]"
W01001932,Gwynedd 014E,2026-02-01,5.01538070785595,"[255, 236, 236, 180]"
W01001933,Gwynedd 017F,2026-02-01,9.484385304269637,"[255, 229, 229, 180]"
W01001969,Wrexham 010F,2026-02-01,24.516070729439512,"[255, 203, 203, 180]"
W01001970,Wrexham 021C,2026-02-01,4.371562851567091,"[255, 237, 237, 180]"
W01001971,Wrexham 022D,2026-02-01,20.33049892864483,"[255, 210, 210, 180]"
W01001972,Wrexham 022E,2026-02-01,4.289938760285263,"[255, 237, 237, 180]"
W01002003,Gwynedd 013E,2026-02-01,9.635423020811071,"[255, 228, 228, 180]"
W01002004,Gwynedd 016F,2026-02-01,16.082686214993988,"[255, 218, 218, 180]"
W01002005,Isle of Anglesey 002E,2026-02-01,3.3460399029122674,"[255, 239, 239, 180]"
W01002007,Isle of Anglesey 004G,2026-02-01,10.685496797662708,"[255, 227, 227, 180]"
W01002008,Isle of Anglesey 007F,2026-02-01,9.034608986850882,"[255, 229, 229, 180]"
