Month,LSOA name,LSOA code,month_num,month_sin,month_cos,lag_1,lag_2,lag_3,roll_mean_3,roll_mean_6,forecast_month
2026-01-01,Cheshire West and Chester 031A,E01018313,1,0.49999999999999994,0.8660254037844387,0.0,0.0,0.0,0.0,0.16666666666666666,2026-02-01
2026-01-01,Cheshire West and Chester 031E,E01018317,1,0.49999999999999994,0.8660254037844387,0.0,0.0,1.0,0.3333333333333333,0.16666666666666666,2026-02-01
2026-01-01,Cheshire West and Chester 034D,E01018330,1,0.49999999999999994,0.8660254037844387,0.0,0.0,3.0,1.0,0.5,2026-02-01
2026-01-01,Cheshire West and Chester 043A,E01018332,1,0.49999999999999994,0.8660254037844387,1.0,0.0,0.0,0.3333333333333333,0.3333333333333333,2026-02-01
2026-01-01,Cheshire West and Chester 046A,E01018335,1,0.49999999999999994,0.8660254037844387,0.0,0.0,0.0,0.0,0.0,2026-02-01
2026-01-01,Cheshire West and Chester 047A,E01018339,1,0.49999999999999994,0.8660254037844387,0.0,0.0,1.0,0.3333333333333333,0.6666666666666666,2026-02-01
2026-01-01,Cheshire West and Chester 044B,E01018352,1,0.49999999999999994,0.8660254037844387,0.0,1.0,0.0,0.3333333333333333,0.16666666666666666,2026-02-01
2026-01-01,Cheshire West and Chester 047D,E01018357,1,0.49999999999999994,0.8660254037844387,0.0,0.0,0.0,0.0,0.0,2026-02-01
2026-01-01,Cheshire West and Chester 047E,E01018373,1,0.49999999999999994,0.8660254037844387,0.0,0.0,0.0,0.0,0.0,2026-02-01
2026-01-01,Cheshire West and Chester 011D,E01018552,1,0.49999999999999994,0.8660254037844387,0.0,0.0,0.0,0.0,0.0,2026-02-01
2026-01-01,Shropshire 004A,E01028864,1,0.49999999999999994,0.8660254037844387,0.0,0.0,0.0,0.0,0.16666666666666666,2026-02-01
2026-01-01,Shropshire 004C,E01028866,1,0.49999999999999994,0.8660254037844387,0.0,0.0,0.0,0.0,0.0,2026-02-01
2026-01-01,Shropshire 003D,E01028920,1,0.49999999999999994,0.8660254037844387,0.0,1.0,1.0,0.6666666666666666,0.3333333333333333,2026-02-01
2026-01-01,Shropshire 003F,E01028925,1,0.49999999999999994,0.8660254037844387,0.0,0.0,0.0,0.0,0.0,2026-02-01
2026-01-01,Isle of Anglesey 007A,W01000001,1,0.49999999999999994,0.8660254037844387,0.0,0.0,0.0,0.0,0.0,2026-02-01
2026-01-01,Isle of Anglesey 007B,W01000002,1,0.49999999999999994,0.8660254037844387,0.0,0.0,0.0,0.0,0.0,2026-02-01
2026-01-01,Isle of Anglesey 001A,W01000003,1,0.49999999999999994,0.8660254037844387,12.0,12.0,21.0,15.0,18.0,2026-02-01
2026-01-01,Isle of Anglesey 001B,W01000004,1,0.49999999999999994,0.8660254037844387,11.0,12.0,8.0,10.333333333333334,7.0,2026-02-01
2026-01-01,Isle of Anglesey 005A,W01000005,1,0.49999999999999994,0.8660254037844387,6.0,6.0,9.0,7.0,8.666666666666666,2026-02-01
2026-01-01,Isle of Anglesey 006A,W01000006,1,0.49999999999999994,0.8660254037844387,3.0,0.0,3.0,2.0,2.0,2026-02-01
2026-01-01,Isle of Anglesey 009A,W01000007,1,0.49999999999999994,0.8660254037844387,8.0,1.0,2.0,3.6666666666666665,3.5,2026-02-01
2026-01-01,Isle of Anglesey 008A,W01000008,1,0.49999999999999994,0.8660254037844387,6.0,1.0,5.0,4.0,5.5,2026-02-01
2026-01-01,Isle of Anglesey 007C,W01000009,1,0.49999999999999994,0.8660254037844387,8.0,6.0,4.0,6.0,9.0,2026-02-01
2026-01-01,Isle of Anglesey 002A,W01000010,1,0.49999999999999994,0.8660254037844387,3.0,7.0,5.0,5.0,6.166666666666667,2026-02-01
2026-01-01,Isle of Anglesey 008B,W01000011,1,0.49999999999999994,0.8660254037844387,19.0,11.0,23.0,17.666666666666668,15.166666666666666,2026-02-01
2026-01-01,Isle of Anglesey 006B,W01000012,1,0.49999999999999994,0.8660254037844387,18.0,22.0,28.0,22.666666666666668,23.0,2026-02-01
2026-01-01,Isle of Anglesey 005B,W01000013,1,0.49999999999999994,0.8660254037844387,3.0,4.0,5.0,4.0,5.333333333333333,2026-02-01
2026-01-01,Isle of Anglesey 006C,W01000014,1,0.49999999999999994,0.8660254037844387,11.0,17.0,17.0,15.0,17.5,2026-02-01
2026-01-01,Isle of Anglesey 008C,W01000015,1,0.49999999999999994,0.8660254037844387,5.0,11.0,9.0,8.333333333333334,6.333333333333333,2026-02-01
2026-01-01,Isle of Anglesey 003A,W01000016,1,0.49999999999999994,0.8660254037844387,25.0,28.0,18.0,23.666666666666668,29.0,2026-02-01
2026-01-01,Isle of Anglesey 003B,W01000017,1,0.49999999999999994,0.8660254037844387,11.0,19.0,14.0,14.666666666666666,16.5,2026-02-01
2026-01-01,Isle of Anglesey 001C,W01000018,1,0.49999999999999994,0.8660254037844387,8.0,4.0,6.0,6.0,7.333333333333333,2026-02-01
2026-01-01,Isle of Anglesey 005C,W01000019,1,0.49999999999999994,0.8660254037844387,4.0,0.0,1.0,1.6666666666666667,3.6666666666666665,2026-02-01
2026-01-01,Isle of Anglesey 002B,W01000020,1,0.49999999999999994,0.8660254037844387,0.0,0.0,0.0,0.0,0.0,2026-02-01
2026-01-01,Isle of Anglesey 002C,W01000021,1,0.49999999999999994,0.8660254037844387,5.0,4.0,2.0,3.6666666666666665,5.5,2026-02-01
2026-01-01,Isle of Anglesey 004A,W01000022,1,0.49999999999999994,0.8660254037844387,4.0,7.0,5.0,5.333333333333333,5.166666666666667,2026-02-01
2026-01-01,Isle of Anglesey 007D,W01000023,1,0.49999999999999994,0.8660254037844387,6.0,7.0,7.0,6.666666666666667,6.0,2026-02-01
2026-01-01,Isle of Anglesey 007E,W01000024,1,0.49999999999999994,0.8660254037844387,3.0,1.0,3.0,2.3333333333333335,3.5,2026-02-01
2026-01-01,Isle of Anglesey 009B,W01000025,1,0.49999999999999994,0.8660254037844387,4.0,8.0,9.0,7.0,11.333333333333334,2026-02-01
2026-01-01,Isle of Anglesey 005D,W01000026,1,0.49999999999999994,0.8660254037844387,4.0,5.0,2.0,3.6666666666666665,4.333333333333333,2026-02-01
2026-01-01,Isle of Anglesey 009C,W01000027,1,0.49999999999999994,0.8660254037844387,7.0,4.0,8.0,6.333333333333333,7.333333333333333,2026-02-01
2026-01-01,Isle of Anglesey 001D,W01000028,1,0.49999999999999994,0.8660254037844387,2.0,15.0,9.0,8.666666666666666,5.833333333333333,2026-02-01
2026-01-01,Isle of Anglesey 003C,W01000029,1,0.49999999999999994,0.8660254037844387,16.0,15.0,17.0,16.0,17.833333333333332,2026-02-01
2026-01-01,Isle of Anglesey 003D,W01000030,1,0.49999999999999994,0.8660254037844387,12.0,31.0,23.0,22.0,19.666666666666668,2026-02-01
2026-01-01,Isle of Anglesey 001E,W01000031,1,0.49999999999999994,0.8660254037844387,3.0,5.0,1.0,3.0,4.166666666666667,2026-02-01
2026-01-01,Isle of Anglesey 002D,W01000032,1,0.49999999999999994,0.8660254037844387,0.0,0.0,0.0,0.0,0.0,2026-02-01
2026-01-01,Isle of Anglesey 003E,W01000033,1,0.49999999999999994,0.8660254037844387,14.0,14.0,16.0,14.666666666666666,16.833333333333332,2026-02-01
2026-01-01,Isle of Anglesey 004B,W01000034,1,0.49999999999999994,0.8660254037844387,3.0,4.0,10.0,5.666666666666667,7.0,2026-02-01
2026-01-01,Isle of Anglesey 005E,W01000035,1,0.49999999999999994,0.8660254037844387,8.0,11.0,13.0,10.666666666666666,9.333333333333334,2026-02-01
2026-01-01,Isle of Anglesey 003F,W01000036,1,0.49999999999999994,0.8660254037844387,3.0,20.0,7.0,10.0,11.333333333333334,2026-02-01
2026-01-01,Isle of Anglesey 003G,W01000037,1,0.49999999999999994,0.8660254037844387,3.0,6.0,6.0,5.0,6.833333333333333,2026-02-01
2026-01-01,Isle of Anglesey 009D,W01000038,1,0.49999999999999994,0.8660254037844387,3.0,8.0,12.0,7.666666666666667,8.666666666666666,2026-02-01
2026-01-01,Isle of Anglesey 004C,W01000039,1,0.49999999999999994,0.8660254037844387,0.0,0.0,0.0,0.0,0.0,2026-02-01
2026-01-01,Isle of Anglesey 004D,W01000040,1,0.49999999999999994,0.8660254037844387,9.0,1.0,4.0,4.666666666666667,4.5,2026-02-01
2026-01-01,Isle of Anglesey 006D,W01000041,1,0.49999999999999994,0.8660254037844387,13.0,4.0,30.0,15.666666666666666,19.333333333333332,2026-02-01
2026-01-01,Isle of Anglesey 008D,W01000042,1,0.49999999999999994,0.8660254037844387,7.0,7.0,7.0,7.0,7.0,2026-02-01
2026-01-01,Isle of Anglesey 004E,W01000043,1,0.49999999999999994,0.8660254037844387,0.0,0.0,0.0,0.0,0.0,2026-02-01
2026-01-01,Isle of Anglesey 004F,W01000044,1,0.49999999999999994,0.8660254037844387,1.0,1.0,5.0,2.3333333333333335,1.8333333333333333,2026-02-01
2026-01-01,Gwynedd 011A,W01000047,1,0.49999999999999994,0.8660254037844387,2.0,1.0,2.0,1.6666666666666667,4.333333333333333,2026-02-01
2026-01-01,Gwynedd 016A,W01000048,1,0.49999999999999994,0.8660254037844387,0.0,0.0,0.0,0.0,0.0,2026-02-01
2026-01-01,Gwynedd 016B,W01000049,1,0.49999999999999994,0.8660254037844387,0.0,0.0,0.0,0.0,0.0,2026-02-01
2026-01-01,Gwynedd 003A,W01000050,1,0.49999999999999994,0.8660254037844387,6.0,6.0,5.0,5.666666666666667,7.5,2026-02-01
2026-01-01,Gwynedd 015A,W01000051,1,0.49999999999999994,0.8660254037844387,10.0,6.0,3.0,6.333333333333333,9.5,2026-02-01
2026-01-01,Gwynedd 004A,W01000052,1,0.49999999999999994,0.8660254037844387,10.0,1.0,5.0,5.333333333333333,3.5,2026-02-01
2026-01-01,Gwynedd 004B,W01000053,1,0.49999999999999994,0.8660254037844387,0.0,2.0,4.0,2.0,2.1666666666666665,2026-02-01
2026-01-01,Gwynedd 007A,W01000054,1,0.49999999999999994,0.8660254037844387,3.0,1.0,1.0,1.6666666666666667,1.8333333333333333,2026-02-01
2026-01-01,Gwynedd 009A,W01000056,1,0.49999999999999994,0.8660254037844387,13.0,20.0,24.0,19.0,18.5,2026-02-01
2026-01-01,Gwynedd 016C,W01000057,1,0.49999999999999994,0.8660254037844387,2.0,4.0,6.0,4.0,4.333333333333333,2026-02-01
2026-01-01,Gwynedd 006A,W01000059,1,0.49999999999999994,0.8660254037844387,24.0,31.0,24.0,26.333333333333332,28.666666666666668,2026-02-01
2026-01-01,Gwynedd 015B,W01000060,1,0.49999999999999994,0.8660254037844387,0.0,5.0,3.0,2.6666666666666665,2.6666666666666665,2026-02-01
2026-01-01,Gwynedd 011B,W01000061,1,0.49999999999999994,0.8660254037844387,3.0,10.0,6.0,6.333333333333333,8.0,2026-02-01
2026-01-01,Gwynedd 001A,W01000062,1,0.49999999999999994,0.8660254037844387,79.0,73.0,77.0,76.33333333333333,70.5,2026-02-01
2026-01-01,Gwynedd 005A,W01000063,1,0.49999999999999994,0.8660254037844387,3.0,8.0,13.0,8.0,9.5,2026-02-01
2026-01-01,Gwynedd 002A,W01000064,1,0.49999999999999994,0.8660254037844387,33.0,32.0,18.0,27.666666666666668,25.5,2026-02-01
2026-01-01,Gwynedd 009B,W01000065,1,0.49999999999999994,0.8660254037844387,6.0,7.0,6.0,6.333333333333333,5.0,2026-02-01
2026-01-01,Gwynedd 010A,W01000066,1,0.49999999999999994,0.8660254037844387,0.0,3.0,1.0,1.3333333333333333,3.0,2026-02-01
2026-01-01,Gwynedd 016D,W01000067,1,0.49999999999999994,0.8660254037844387,9.0,11.0,10.0,10.0,9.833333333333334,2026-02-01
2026-01-01,Gwynedd 016E,W01000068,1,0.49999999999999994,0.8660254037844387,3.0,11.0,13.0,9.0,10.666666666666666,2026-02-01
2026-01-01,Gwynedd 013A,W01000069,1,0.49999999999999994,0.8660254037844387,0.0,0.0,0.0,0.0,0.0,2026-02-01
2026-01-01,Gwynedd 012A,W01000070,1,0.49999999999999994,0.8660254037844387,2.0,1.0,9.0,4.0,3.0,2026-02-01
2026-01-01,Gwynedd 003B,W01000071,1,0.49999999999999994,0.8660254037844387,6.0,6.0,12.0,8.0,9.666666666666666,2026-02-01
2026-01-01,Gwynedd 002B,W01000072,1,0.49999999999999994,0.8660254037844387,11.0,12.0,20.0,14.333333333333334,15.833333333333334,2026-02-01
2026-01-01,Gwynedd 008A,W01000073,1,0.49999999999999994,0.8660254037844387,1.0,3.0,5.0,3.0,5.833333333333333,2026-02-01
2026-01-01,Gwynedd 013B,W01000074,1,0.49999999999999994,0.8660254037844387,1.0,8.0,7.0,5.333333333333333,8.666666666666666,2026-02-01
2026-01-01,Gwynedd 002C,W01000075,1,0.49999999999999994,0.8660254037844387,5.0,12.0,19.0,12.0,13.5,2026-02-01
2026-01-01,Gwynedd 001B,W01000076,1,0.49999999999999994,0.8660254037844387,12.0,9.0,8.0,9.666666666666666,9.5,2026-02-01
2026-01-01,Gwynedd 001C,W01000077,1,0.49999999999999994,0.8660254037844387,27.0,24.0,43.0,31.333333333333332,27.833333333333332,2026-02-01
2026-01-01,Gwynedd 011C,W01000078,1,0.49999999999999994,0.8660254037844387,2.0,17.0,8.0,9.0,10.5,2026-02-01
2026-01-01,Gwynedd 013C,W01000079,1,0.49999999999999994,0.8660254037844387,0.0,0.0,0.0,0.0,0.0,2026-02-01
2026-01-01,Gwynedd 014C,W01000080,1,0.49999999999999994,0.8660254037844387,4.0,9.0,4.0,5.666666666666667,10.0,2026-02-01
2026-01-01,Gwynedd 005B,W01000081,1,0.49999999999999994,0.8660254037844387,8.0,21.0,17.0,15.333333333333334,14.5,2026-02-01
2026-01-01,Gwynedd 015C,W01000082,1,0.49999999999999994,0.8660254037844387,1.0,5.0,2.0,2.6666666666666665,2.8333333333333335,2026-02-01
2026-01-01,Gwynedd 015D,W01000083,1,0.49999999999999994,0.8660254037844387,2.0,3.0,8.0,4.333333333333333,5.666666666666667,2026-02-01
2026-01-01,Gwynedd 014D,W01000084,1,0.49999999999999994,0.8660254037844387,0.0,2.0,1.0,1.0,3.1666666666666665,2026-02-01
2026-01-01,Gwynedd 017C,W01000085,1,0.49999999999999994,0.8660254037844387,5.0,3.0,6.0,4.666666666666667,5.666666666666667,2026-02-01
2026-01-01,Gwynedd 008B,W01000086,1,0.49999999999999994,0.8660254037844387,8.0,9.0,4.0,7.0,11.833333333333334,2026-02-01
2026-01-01,Gwynedd 004C,W01000087,1,0.49999999999999994,0.8660254037844387,9.0,6.0,17.0,10.666666666666666,8.5,2026-02-01
2026-01-01,Gwynedd 007B,W01000088,1,0.49999999999999994,0.8660254037844387,3.0,2.0,6.0,3.6666666666666665,4.0,2026-02-01
2026-01-01,Gwynedd 011D,W01000089,1,0.49999999999999994,0.8660254037844387,7.0,10.0,8.0,8.333333333333334,11.5,2026-02-01
2026-01-01,Gwynedd 002D,W01000090,1,0.49999999999999994,0.8660254037844387,12.0,15.0,11.0,12.666666666666666,14.833333333333334,2026-02-01
2026-01-01,Gwynedd 001D,W01000091,1,0.49999999999999994,0.8660254037844387,14.0,14.0,8.0,12.0,10.0,2026-02-01
2026-01-01,Gwynedd 001E,W01000092,1,0.49999999999999994,0.8660254037844387,20.0,24.0,19.0,21.0,20.666666666666668,2026-02-01
2026-01-01,Gwynedd 006B,W01000093,1,0.49999999999999994,0.8660254037844387,22.0,27.0,12.0,20.333333333333332,28.0,2026-02-01
2026-01-01,Gwynedd 012B,W01000094,1,0.49999999999999994,0.8660254037844387,3.0,4.0,2.0,3.0,4.5,2026-02-01
2026-01-01,Gwynedd 012C,W01000095,1,0.49999999999999994,0.8660254037844387,5.0,3.0,6.0,4.666666666666667,6.833333333333333,2026-02-01
2026-01-01,Gwynedd 003C,W01000096,1,0.49999999999999994,0.8660254037844387,7.0,7.0,14.0,9.333333333333334,10.5,2026-02-01
2026-01-01,Gwynedd 003D,W01000097,1,0.49999999999999994,0.8660254037844387,10.0,2.0,16.0,9.333333333333334,11.666666666666666,2026-02-01
2026-01-01,Gwynedd 006C,W01000098,1,0.49999999999999994,0.8660254037844387,25.0,37.0,30.0,30.666666666666668,28.666666666666668,2026-02-01
2026-01-01,Gwynedd 005C,W01000099,1,0.49999999999999994,0.8660254037844387,1.0,3.0,5.0,3.0,4.833333333333333,2026-02-01
2026-01-01,Gwynedd 010B,W01000100,1,0.49999999999999994,0.8660254037844387,2.0,4.0,4.0,3.3333333333333335,6.166666666666667,2026-02-01
2026-01-01,Gwynedd 013D,W01000101,1,0.49999999999999994,0.8660254037844387,10.0,10.0,7.0,9.0,9.833333333333334,2026-02-01
2026-01-01,Gwynedd 002E,W01000102,1,0.49999999999999994,0.8660254037844387,20.0,26.0,14.0,20.0,18.5,2026-02-01
2026-01-01,Gwynedd 005D,W01000103,1,0.49999999999999994,0.8660254037844387,7.0,3.0,6.0,5.333333333333333,6.166666666666667,2026-02-01
2026-01-01,Gwynedd 008C,W01000104,1,0.49999999999999994,0.8660254037844387,12.0,17.0,5.0,11.333333333333334,13.166666666666666,2026-02-01
2026-01-01,Gwynedd 010C,W01000105,1,0.49999999999999994,0.8660254037844387,14.0,21.0,14.0,16.333333333333332,18.166666666666668,2026-02-01
2026-01-01,Gwynedd 010D,W01000106,1,0.49999999999999994,0.8660254037844387,10.0,15.0,18.0,14.333333333333334,22.833333333333332,2026-02-01
2026-01-01,Gwynedd 010E,W01000107,1,0.49999999999999994,0.8660254037844387,6.0,6.0,4.0,5.333333333333333,6.5,2026-02-01
2026-01-01,Gwynedd 012D,W01000108,1,0.49999999999999994,0.8660254037844387,27.0,24.0,26.0,25.666666666666668,28.333333333333332,2026-02-01
2026-01-01,Gwynedd 012E,W01000109,1,0.49999999999999994,0.8660254037844387,13.0,14.0,8.0,11.666666666666666,11.5,2026-02-01
2026-01-01,Gwynedd 006D,W01000110,1,0.49999999999999994,0.8660254037844387,5.0,2.0,6.0,4.333333333333333,4.833333333333333,2026-02-01
2026-01-01,Gwynedd 007C,W01000111,1,0.49999999999999994,0.8660254037844387,41.0,46.0,21.0,36.0,34.833333333333336,2026-02-01
2026-01-01,Gwynedd 008D,W01000112,1,0.49999999999999994,0.8660254037844387,10.0,14.0,7.0,10.333333333333334,10.333333333333334,2026-02-01
2026-01-01,Gwynedd 009C,W01000113,1,0.49999999999999994,0.8660254037844387,15.0,8.0,15.0,12.666666666666666,10.5,2026-02-01
2026-01-01,Gwynedd 009D,W01000114,1,0.49999999999999994,0.8660254037844387,3.0,12.0,3.0,6.0,6.833333333333333,2026-02-01
2026-01-01,Gwynedd 003E,W01000115,1,0.49999999999999994,0.8660254037844387,7.0,10.0,10.0,9.0,9.833333333333334,2026-02-01
2026-01-01,Gwynedd 017D,W01000116,1,0.49999999999999994,0.8660254037844387,5.0,4.0,14.0,7.666666666666667,8.333333333333334,2026-02-01
2026-01-01,Gwynedd 017E,W01000117,1,0.49999999999999994,0.8660254037844387,7.0,4.0,4.0,5.0,8.5,2026-02-01
2026-01-01,Gwynedd 007D,W01000118,1,0.49999999999999994,0.8660254037844387,5.0,5.0,7.0,5.666666666666667,7.0,2026-02-01
2026-01-01,Gwynedd 004D,W01000119,1,0.49999999999999994,0.8660254037844387,14.0,8.0,11.0,11.0,12.666666666666666,2026-02-01
2026-01-01,Conwy 015A,W01000121,1,0.49999999999999994,0.8660254037844387,8.0,6.0,5.0,6.333333333333333,10.333333333333334,2026-02-01
2026-01-01,Conwy 014A,W01000122,1,0.49999999999999994,0.8660254037844387,7.0,7.0,13.0,9.0,9.333333333333334,2026-02-01
2026-01-01,Conwy 013A,W01000123,1,0.49999999999999994,0.8660254037844387,10.0,8.0,9.0,9.0,13.0,2026-02-01
2026-01-01,Conwy 012A,W01000124,1,0.49999999999999994,0.8660254037844387,4.0,3.0,3.0,3.3333333333333335,3.6666666666666665,2026-02-01
2026-01-01,Conwy 013B,W01000125,1,0.49999999999999994,0.8660254037844387,2.0,3.0,5.0,3.3333333333333335,3.0,2026-02-01
2026-01-01,Conwy 009A,W01000126,1,0.49999999999999994,0.8660254037844387,10.0,14.0,17.0,13.666666666666666,12.0,2026-02-01
2026-01-01,Conwy 009B,W01000127,1,0.49999999999999994,0.8660254037844387,7.0,8.0,12.0,9.0,11.0,2026-02-01
2026-01-01,Conwy 009C,W01000128,1,0.49999999999999994,0.8660254037844387,15.0,17.0,16.0,16.0,18.666666666666668,2026-02-01
2026-01-01,Conwy 012B,W01000129,1,0.49999999999999994,0.8660254037844387,12.0,16.0,8.0,12.0,9.833333333333334,2026-02-01
2026-01-01,Conwy 012C,W01000130,1,0.49999999999999994,0.8660254037844387,7.0,13.0,13.0,11.0,14.666666666666666,2026-02-01
2026-01-01,Conwy 012D,W01000131,1,0.49999999999999994,0.8660254037844387,2.0,3.0,4.0,3.0,2.5,2026-02-01
2026-01-01,Conwy 001A,W01000132,1,0.49999999999999994,0.8660254037844387,9.0,20.0,13.0,14.0,13.5,2026-02-01
2026-01-01,Conwy 002A,W01000133,1,0.49999999999999994,0.8660254037844387,1.0,5.0,7.0,4.333333333333333,4.833333333333333,2026-02-01
2026-01-01,Conwy 015B,W01000134,1,0.49999999999999994,0.8660254037844387,15.0,17.0,24.0,18.666666666666668,19.5,2026-02-01
2026-01-01,Conwy 006A,W01000135,1,0.49999999999999994,0.8660254037844387,1.0,2.0,8.0,3.6666666666666665,3.8333333333333335,2026-02-01
2026-01-01,Conwy 006B,W01000136,1,0.49999999999999994,0.8660254037844387,2.0,8.0,11.0,7.0,6.5,2026-02-01
2026-01-01,Conwy 015C,W01000137,1,0.49999999999999994,0.8660254037844387,3.0,7.0,2.0,4.0,2.8333333333333335,2026-02-01
2026-01-01,Conwy 008A,W01000138,1,0.49999999999999994,0.8660254037844387,10.0,24.0,23.0,19.0,18.0,2026-02-01
2026-01-01,Conwy 007A,W01000139,1,0.49999999999999994,0.8660254037844387,11.0,19.0,29.0,19.666666666666668,18.5,2026-02-01
2026-01-01,Conwy 010B,W01000140,1,0.49999999999999994,0.8660254037844387,9.0,17.0,11.0,12.333333333333334,13.333333333333334,2026-02-01
2026-01-01,Conwy 010C,W01000141,1,0.49999999999999994,0.8660254037844387,5.0,4.0,4.0,4.333333333333333,4.166666666666667,2026-02-01
2026-01-01,Conwy 010D,W01000142,1,0.49999999999999994,0.8660254037844387,3.0,5.0,7.0,5.0,5.666666666666667,2026-02-01
2026-01-01,Conwy 007B,W01000143,1,0.49999999999999994,0.8660254037844387,20.0,13.0,13.0,15.333333333333334,16.166666666666668,2026-02-01
2026-01-01,Conwy 007C,W01000144,1,0.49999999999999994,0.8660254037844387,54.0,64.0,65.0,61.0,64.33333333333333,2026-02-01
2026-01-01,Conwy 008B,W01000145,1,0.49999999999999994,0.8660254037844387,7.0,13.0,22.0,14.0,14.333333333333334,2026-02-01
2026-01-01,Conwy 001B,W01000146,1,0.49999999999999994,0.8660254037844387,73.0,94.0,45.0,70.66666666666667,60.333333333333336,2026-02-01
2026-01-01,Conwy 001C,W01000147,1,0.49999999999999994,0.8660254037844387,11.0,5.0,1.0,5.666666666666667,8.833333333333334,2026-02-01
2026-01-01,Conwy 015D,W01000148,1,0.49999999999999994,0.8660254037844387,6.0,6.0,5.0,5.666666666666667,4.0,2026-02-01
2026-01-01,Conwy 005A,W01000149,1,0.49999999999999994,0.8660254037844387,7.0,8.0,13.0,9.333333333333334,14.5,2026-02-01
2026-01-01,Conwy 005B,W01000150,1,0.49999999999999994,0.8660254037844387,3.0,11.0,10.0,8.0,8.833333333333334,2026-02-01
2026-01-01,Conwy 005C,W01000151,1,0.49999999999999994,0.8660254037844387,10.0,24.0,19.0,17.666666666666668,18.166666666666668,2026-02-01
2026-01-01,Conwy 005D,W01000152,1,0.49999999999999994,0.8660254037844387,13.0,10.0,5.0,9.333333333333334,10.0,2026-02-01
2026-01-01,Conwy 009D,W01000153,1,0.49999999999999994,0.8660254037844387,17.0,7.0,6.0,10.0,11.666666666666666,2026-02-01
2026-01-01,Conwy 003A,W01000154,1,0.49999999999999994,0.8660254037844387,5.0,11.0,11.0,9.0,9.0,2026-02-01
2026-01-01,Conwy 004A,W01000155,1,0.49999999999999994,0.8660254037844387,7.0,6.0,14.0,9.0,9.833333333333334,2026-02-01
2026-01-01,Conwy 004B,W01000156,1,0.49999999999999994,0.8660254037844387,16.0,21.0,28.0,21.666666666666668,23.0,2026-02-01
2026-01-01,Conwy 004C,W01000157,1,0.49999999999999994,0.8660254037844387,11.0,20.0,18.0,16.333333333333332,13.5,2026-02-01
2026-01-01,Conwy 004D,W01000158,1,0.49999999999999994,0.8660254037844387,4.0,12.0,22.0,12.666666666666666,14.666666666666666,2026-02-01
2026-01-01,Conwy 014B,W01000159,1,0.49999999999999994,0.8660254037844387,2.0,1.0,1.0,1.3333333333333333,2.1666666666666665,2026-02-01
2026-01-01,Conwy 014C,W01000162,1,0.49999999999999994,0.8660254037844387,5.0,4.0,20.0,9.666666666666666,11.833333333333334,2026-02-01
2026-01-01,Conwy 009E,W01000163,1,0.49999999999999994,0.8660254037844387,14.0,23.0,21.0,19.333333333333332,19.5,2026-02-01
2026-01-01,Conwy 009F,W01000164,1,0.49999999999999994,0.8660254037844387,3.0,2.0,1.0,2.0,2.3333333333333335,2026-02-01
2026-01-01,Conwy 006C,W01000165,1,0.49999999999999994,0.8660254037844387,16.0,8.0,10.0,11.333333333333334,10.0,2026-02-01
2026-01-01,Conwy 006D,W01000166,1,0.49999999999999994,0.8660254037844387,22.0,19.0,14.0,18.333333333333332,23.833333333333332,2026-02-01
2026-01-01,Conwy 011C,W01000167,1,0.49999999999999994,0.8660254037844387,10.0,17.0,17.0,14.666666666666666,15.166666666666666,2026-02-01
2026-01-01,Conwy 002B,W01000168,1,0.49999999999999994,0.8660254037844387,24.0,36.0,22.0,27.333333333333332,26.666666666666668,2026-02-01
2026-01-01,Conwy 001D,W01000169,1,0.49999999999999994,0.8660254037844387,51.0,89.0,68.0,69.33333333333333,61.166666666666664,2026-02-01
2026-01-01,Conwy 013C,W01000170,1,0.49999999999999994,0.8660254037844387,6.0,9.0,16.0,10.333333333333334,10.666666666666666,2026-02-01
2026-01-01,Conwy 013D,W01000171,1,0.49999999999999994,0.8660254037844387,9.0,10.0,8.0,9.0,9.333333333333334,2026-02-01
2026-01-01,Conwy 013E,W01000172,1,0.49999999999999994,0.8660254037844387,3.0,4.0,7.0,4.666666666666667,6.166666666666667,2026-02-01
2026-01-01,Conwy 003B,W01000173,1,0.49999999999999994,0.8660254037844387,0.0,6.0,4.0,3.3333333333333335,4.666666666666667,2026-02-01
2026-01-01,Conwy 003C,W01000174,1,0.49999999999999994,0.8660254037844387,2.0,4.0,5.0,3.6666666666666665,5.333333333333333,2026-02-01
2026-01-01,Conwy 003D,W01000175,1,0.49999999999999994,0.8660254037844387,3.0,4.0,3.0,3.3333333333333335,3.3333333333333335,2026-02-01
2026-01-01,Conwy 011D,W01000176,1,0.49999999999999994,0.8660254037844387,10.0,16.0,17.0,14.333333333333334,19.0,2026-02-01
2026-01-01,Conwy 011E,W01000177,1,0.49999999999999994,0.8660254037844387,2.0,6.0,3.0,3.6666666666666665,4.333333333333333,2026-02-01
2026-01-01,Conwy 010E,W01000178,1,0.49999999999999994,0.8660254037844387,40.0,22.0,19.0,27.0,25.166666666666668,2026-02-01
2026-01-01,Conwy 010F,W01000179,1,0.49999999999999994,0.8660254037844387,10.0,12.0,13.0,11.666666666666666,12.0,2026-02-01
2026-01-01,Conwy 008C,W01000180,1,0.49999999999999994,0.8660254037844387,5.0,5.0,0.0,3.3333333333333335,3.3333333333333335,2026-02-01
2026-01-01,Conwy 008D,W01000181,1,0.49999999999999994,0.8660254037844387,4.0,2.0,4.0,3.3333333333333335,3.1666666666666665,2026-02-01
2026-01-01,Conwy 007D,W01000182,1,0.49999999999999994,0.8660254037844387,36.0,21.0,35.0,30.666666666666668,35.5,2026-02-01
2026-01-01,Conwy 008E,W01000183,1,0.49999999999999994,0.8660254037844387,10.0,5.0,4.0,6.333333333333333,6.666666666666667,2026-02-01
2026-01-01,Conwy 005E,W01000184,1,0.49999999999999994,0.8660254037844387,25.0,13.0,34.0,24.0,37.0,2026-02-01
2026-01-01,Conwy 015E,W01000185,1,0.49999999999999994,0.8660254037844387,4.0,2.0,2.0,2.6666666666666665,4.0,2026-02-01
2026-01-01,Conwy 001E,W01000186,1,0.49999999999999994,0.8660254037844387,47.0,63.0,59.0,56.333333333333336,56.5,2026-02-01
2026-01-01,Conwy 002C,W01000187,1,0.49999999999999994,0.8660254037844387,28.0,25.0,13.0,22.0,26.166666666666668,2026-02-01
2026-01-01,Conwy 002D,W01000188,1,0.49999999999999994,0.8660254037844387,8.0,12.0,9.0,9.666666666666666,9.166666666666666,2026-02-01
2026-01-01,Conwy 015F,W01000189,1,0.49999999999999994,0.8660254037844387,4.0,3.0,2.0,3.0,4.333333333333333,2026-02-01
2026-01-01,Conwy 014D,W01000190,1,0.49999999999999994,0.8660254037844387,1.0,3.0,8.0,4.0,6.0,2026-02-01
2026-01-01,Denbighshire 009A,W01000191,1,0.49999999999999994,0.8660254037844387,39.0,31.0,27.0,32.333333333333336,28.666666666666668,2026-02-01
2026-01-01,Denbighshire 016A,W01000192,1,0.49999999999999994,0.8660254037844387,8.0,5.0,6.0,6.333333333333333,6.166666666666667,2026-02-01
2026-01-01,Denbighshire 015A,W01000193,1,0.49999999999999994,0.8660254037844387,16.0,6.0,9.0,10.333333333333334,10.0,2026-02-01
2026-01-01,Denbighshire 011A,W01000194,1,0.49999999999999994,0.8660254037844387,21.0,28.0,21.0,23.333333333333332,25.833333333333332,2026-02-01
2026-01-01,Denbighshire 012A,W01000195,1,0.49999999999999994,0.8660254037844387,5.0,5.0,2.0,4.0,4.666666666666667,2026-02-01
2026-01-01,Denbighshire 012B,W01000196,1,0.49999999999999994,0.8660254037844387,5.0,7.0,9.0,7.0,6.333333333333333,2026-02-01
2026-01-01,Denbighshire 012C,W01000197,1,0.49999999999999994,0.8660254037844387,2.0,5.0,3.0,3.3333333333333335,3.6666666666666665,2026-02-01
2026-01-01,Denbighshire 011B,W01000198,1,0.49999999999999994,0.8660254037844387,16.0,10.0,21.0,15.666666666666666,16.833333333333332,2026-02-01
2026-01-01,Denbighshire 011C,W01000199,1,0.49999999999999994,0.8660254037844387,24.0,11.0,18.0,17.666666666666668,21.666666666666668,2026-02-01
2026-01-01,Denbighshire 008A,W01000200,1,0.49999999999999994,0.8660254037844387,4.0,0.0,4.0,2.6666666666666665,3.1666666666666665,2026-02-01
2026-01-01,Denbighshire 008B,W01000201,1,0.49999999999999994,0.8660254037844387,13.0,15.0,12.0,13.333333333333334,12.166666666666666,2026-02-01
2026-01-01,Denbighshire 015B,W01000202,1,0.49999999999999994,0.8660254037844387,5.0,2.0,15.0,7.333333333333333,8.0,2026-02-01
2026-01-01,Denbighshire 013A,W01000203,1,0.49999999999999994,0.8660254037844387,8.0,14.0,11.0,11.0,9.5,2026-02-01
2026-01-01,Denbighshire 013B,W01000204,1,0.49999999999999994,0.8660254037844387,1.0,2.0,1.0,1.3333333333333333,1.8333333333333333,2026-02-01
2026-01-01,Denbighshire 016B,W01000205,1,0.49999999999999994,0.8660254037844387,3.0,6.0,4.0,4.333333333333333,4.166666666666667,2026-02-01
2026-01-01,Denbighshire 013C,W01000206,1,0.49999999999999994,0.8660254037844387,7.0,10.0,8.0,8.333333333333334,7.0,2026-02-01
2026-01-01,Denbighshire 015C,W01000207,1,0.49999999999999994,0.8660254037844387,8.0,6.0,9.0,7.666666666666667,8.166666666666666,2026-02-01
2026-01-01,Denbighshire 016C,W01000208,1,0.49999999999999994,0.8660254037844387,7.0,4.0,12.0,7.666666666666667,12.833333333333334,2026-02-01
2026-01-01,Denbighshire 016D,W01000209,1,0.49999999999999994,0.8660254037844387,9.0,6.0,10.0,8.333333333333334,10.666666666666666,2026-02-01
2026-01-01,Denbighshire 016E,W01000210,1,0.49999999999999994,0.8660254037844387,10.0,3.0,8.0,7.0,7.166666666666667,2026-02-01
2026-01-01,Denbighshire 012D,W01000211,1,0.49999999999999994,0.8660254037844387,4.0,3.0,6.0,4.333333333333333,5.166666666666667,2026-02-01
2026-01-01,Denbighshire 003A,W01000212,1,0.49999999999999994,0.8660254037844387,4.0,5.0,6.0,5.0,6.5,2026-02-01
2026-01-01,Denbighshire 002A,W01000213,1,0.49999999999999994,0.8660254037844387,15.0,33.0,36.0,28.0,28.333333333333332,2026-02-01
2026-01-01,Denbighshire 002B,W01000214,1,0.49999999999999994,0.8660254037844387,27.0,30.0,26.0,27.666666666666668,26.333333333333332,2026-02-01
2026-01-01,Denbighshire 002C,W01000215,1,0.49999999999999994,0.8660254037844387,0.0,1.0,1.0,0.6666666666666666,0.5,2026-02-01
2026-01-01,Denbighshire 002D,W01000216,1,0.49999999999999994,0.8660254037844387,17.0,14.0,12.0,14.333333333333334,15.333333333333334,2026-02-01
2026-01-01,Denbighshire 008C,W01000217,1,0.49999999999999994,0.8660254037844387,11.0,13.0,13.0,12.333333333333334,15.666666666666666,2026-02-01
2026-01-01,Denbighshire 001A,W01000218,1,0.49999999999999994,0.8660254037844387,28.0,20.0,8.0,18.666666666666668,19.166666666666668,2026-02-01
2026-01-01,Denbighshire 001B,W01000219,1,0.49999999999999994,0.8660254037844387,7.0,17.0,12.0,12.0,14.0,2026-02-01
2026-01-01,Denbighshire 001C,W01000220,1,0.49999999999999994,0.8660254037844387,2.0,6.0,8.0,5.333333333333333,6.333333333333333,2026-02-01
2026-01-01,Denbighshire 003B,W01000221,1,0.49999999999999994,0.8660254037844387,5.0,12.0,15.0,10.666666666666666,8.5,2026-02-01
2026-01-01,Denbighshire 003C,W01000222,1,0.49999999999999994,0.8660254037844387,4.0,3.0,2.0,3.0,3.3333333333333335,2026-02-01
2026-01-01,Denbighshire 009B,W01000223,1,0.49999999999999994,0.8660254037844387,13.0,16.0,7.0,12.0,12.0,2026-02-01
2026-01-01,Denbighshire 009C,W01000224,1,0.49999999999999994,0.8660254037844387,9.0,5.0,2.0,5.333333333333333,5.666666666666667,2026-02-01
2026-01-01,Denbighshire 009D,W01000225,1,0.49999999999999994,0.8660254037844387,11.0,18.0,14.0,14.333333333333334,11.5,2026-02-01
2026-01-01,Denbighshire 004A,W01000226,1,0.49999999999999994,0.8660254037844387,19.0,14.0,13.0,15.333333333333334,17.833333333333332,2026-02-01
2026-01-01,Denbighshire 004B,W01000227,1,0.49999999999999994,0.8660254037844387,3.0,5.0,7.0,5.0,5.166666666666667,2026-02-01
2026-01-01,Denbighshire 004C,W01000228,1,0.49999999999999994,0.8660254037844387,13.0,24.0,12.0,16.333333333333332,16.333333333333332,2026-02-01
2026-01-01,Denbighshire 017E,W01000229,1,0.49999999999999994,0.8660254037844387,12.0,11.0,8.0,10.333333333333334,9.666666666666666,2026-02-01
2026-01-01,Denbighshire 017F,W01000230,1,0.49999999999999994,0.8660254037844387,7.0,9.0,11.0,9.0,8.666666666666666,2026-02-01
2026-01-01,Denbighshire 017A,W01000231,1,0.49999999999999994,0.8660254037844387,15.0,6.0,19.0,13.333333333333334,10.666666666666666,2026-02-01
2026-01-01,Denbighshire 017B,W01000232,1,0.49999999999999994,0.8660254037844387,10.0,7.0,4.0,7.0,6.5,2026-02-01
2026-01-01,Denbighshire 017C,W01000233,1,0.49999999999999994,0.8660254037844387,7.0,6.0,2.0,5.0,3.8333333333333335,2026-02-01
2026-01-01,Denbighshire 017G,W01000234,1,0.49999999999999994,0.8660254037844387,22.0,30.0,19.0,23.666666666666668,22.166666666666668,2026-02-01
2026-01-01,Denbighshire 017D,W01000235,1,0.49999999999999994,0.8660254037844387,6.0,3.0,5.0,4.666666666666667,4.833333333333333,2026-02-01
2026-01-01,Denbighshire 006A,W01000236,1,0.49999999999999994,0.8660254037844387,26.0,44.0,31.0,33.666666666666664,33.333333333333336,2026-02-01
2026-01-01,Denbighshire 006B,W01000237,1,0.49999999999999994,0.8660254037844387,23.0,37.0,24.0,28.0,26.5,2026-02-01
2026-01-01,Denbighshire 006C,W01000238,1,0.49999999999999994,0.8660254037844387,12.0,18.0,12.0,14.0,17.833333333333332,2026-02-01
2026-01-01,Denbighshire 004D,W01000239,1,0.49999999999999994,0.8660254037844387,31.0,27.0,47.0,35.0,45.5,2026-02-01
2026-01-01,Denbighshire 004E,W01000240,1,0.49999999999999994,0.8660254037844387,148.0,210.0,150.0,169.33333333333334,188.33333333333334,2026-02-01
2026-01-01,Denbighshire 004F,W01000241,1,0.49999999999999994,0.8660254037844387,56.0,37.0,44.0,45.666666666666664,44.666666666666664,2026-02-01
2026-01-01,Denbighshire 014A,W01000242,1,0.49999999999999994,0.8660254037844387,11.0,20.0,9.0,13.333333333333334,17.0,2026-02-01
2026-01-01,Denbighshire 014B,W01000243,1,0.49999999999999994,0.8660254037844387,30.0,22.0,11.0,21.0,21.166666666666668,2026-02-01
2026-01-01,Denbighshire 014C,W01000244,1,0.49999999999999994,0.8660254037844387,2.0,6.0,10.0,6.0,4.333333333333333,2026-02-01
2026-01-01,Denbighshire 010A,W01000245,1,0.49999999999999994,0.8660254037844387,19.0,2.0,2.0,7.666666666666667,7.666666666666667,2026-02-01
2026-01-01,Denbighshire 010B,W01000246,1,0.49999999999999994,0.8660254037844387,14.0,11.0,6.0,10.333333333333334,10.833333333333334,2026-02-01
2026-01-01,Denbighshire 010C,W01000247,1,0.49999999999999994,0.8660254037844387,11.0,8.0,3.0,7.333333333333333,8.666666666666666,2026-02-01
2026-01-01,Denbighshire 008D,W01000248,1,0.49999999999999994,0.8660254037844387,2.0,4.0,5.0,3.6666666666666665,5.333333333333333,2026-02-01
2026-01-01,Flintshire 014A,W01000249,1,0.49999999999999994,0.8660254037844387,2.0,1.0,3.0,2.0,2.3333333333333335,2026-02-01
2026-01-01,Flintshire 014B,W01000250,1,0.49999999999999994,0.8660254037844387,9.0,5.0,5.0,6.333333333333333,5.333333333333333,2026-02-01
2026-01-01,Flintshire 013A,W01000251,1,0.49999999999999994,0.8660254037844387,7.0,12.0,11.0,10.0,12.333333333333334,2026-02-01
2026-01-01,Flintshire 010A,W01000252,1,0.49999999999999994,0.8660254037844387,2.0,7.0,9.0,6.0,6.0,2026-02-01
2026-01-01,Flintshire 003A,W01000253,1,0.49999999999999994,0.8660254037844387,8.0,5.0,10.0,7.666666666666667,10.5,2026-02-01
2026-01-01,Flintshire 003B,W01000254,1,0.49999999999999994,0.8660254037844387,12.0,15.0,13.0,13.333333333333334,16.166666666666668,2026-02-01
2026-01-01,Flintshire 015A,W01000255,1,0.49999999999999994,0.8660254037844387,35.0,25.0,40.0,33.333333333333336,31.166666666666668,2026-02-01
2026-01-01,Flintshire 015B,W01000256,1,0.49999999999999994,0.8660254037844387,4.0,9.0,1.0,4.666666666666667,3.6666666666666665,2026-02-01
2026-01-01,Flintshire 015C,W01000257,1,0.49999999999999994,0.8660254037844387,6.0,0.0,4.0,3.3333333333333335,3.1666666666666665,2026-02-01
2026-01-01,Flintshire 006A,W01000258,1,0.49999999999999994,0.8660254037844387,6.0,5.0,7.0,6.0,8.833333333333334,2026-02-01
2026-01-01,Flintshire 017A,W01000259,1,0.49999999999999994,0.8660254037844387,16.0,11.0,16.0,14.333333333333334,15.666666666666666,2026-02-01
2026-01-01,Flintshire 017B,W01000260,1,0.49999999999999994,0.8660254037844387,4.0,4.0,2.0,3.3333333333333335,3.3333333333333335,2026-02-01
2026-01-01,Flintshire 014C,W01000261,1,0.49999999999999994,0.8660254037844387,4.0,2.0,3.0,3.0,2.8333333333333335,2026-02-01
2026-01-01,Flintshire 017C,W01000262,1,0.49999999999999994,0.8660254037844387,10.0,16.0,18.0,14.666666666666666,14.166666666666666,2026-02-01
2026-01-01,Flintshire 017D,W01000263,1,0.49999999999999994,0.8660254037844387,11.0,6.0,14.0,10.333333333333334,10.833333333333334,2026-02-01
2026-01-01,Flintshire 012A,W01000264,1,0.49999999999999994,0.8660254037844387,6.0,6.0,8.0,6.666666666666667,9.333333333333334,2026-02-01
2026-01-01,Flintshire 012B,W01000265,1,0.49999999999999994,0.8660254037844387,2.0,6.0,1.0,3.0,4.333333333333333,2026-02-01
2026-01-01,Flintshire 017E,W01000266,1,0.49999999999999994,0.8660254037844387,5.0,8.0,5.0,6.0,6.666666666666667,2026-02-01
2026-01-01,Flintshire 017F,W01000267,1,0.49999999999999994,0.8660254037844387,6.0,7.0,10.0,7.666666666666667,7.333333333333333,2026-02-01
2026-01-01,Flintshire 013B,W01000268,1,0.49999999999999994,0.8660254037844387,6.0,6.0,4.0,5.333333333333333,5.5,2026-02-01
2026-01-01,Flintshire 020A,W01000269,1,0.49999999999999994,0.8660254037844387,6.0,7.0,4.0,5.666666666666667,8.333333333333334,2026-02-01
2026-01-01,Flintshire 006B,W01000270,1,0.49999999999999994,0.8660254037844387,3.0,1.0,2.0,2.0,2.8333333333333335,2026-02-01
2026-01-01,Flintshire 006C,W01000271,1,0.49999999999999994,0.8660254037844387,3.0,4.0,9.0,5.333333333333333,6.333333333333333,2026-02-01
2026-01-01,Flintshire 006D,W01000272,1,0.49999999999999994,0.8660254037844387,7.0,3.0,7.0,5.666666666666667,7.0,2026-02-01
2026-01-01,Flintshire 007A,W01000273,1,0.49999999999999994,0.8660254037844387,14.0,13.0,10.0,12.333333333333334,13.833333333333334,2026-02-01
2026-01-01,Flintshire 007B,W01000274,1,0.49999999999999994,0.8660254037844387,22.0,21.0,27.0,23.333333333333332,25.666666666666668,2026-02-01
2026-01-01,Flintshire 007C,W01000275,1,0.49999999999999994,0.8660254037844387,14.0,15.0,18.0,15.666666666666666,14.833333333333334,2026-02-01
2026-01-01,Flintshire 008A,W01000276,1,0.49999999999999994,0.8660254037844387,2.0,4.0,1.0,2.3333333333333335,3.1666666666666665,2026-02-01
2026-01-01,Flintshire 008B,W01000277,1,0.49999999999999994,0.8660254037844387,6.0,5.0,7.0,6.0,7.0,2026-02-01
2026-01-01,Flintshire 007D,W01000278,1,0.49999999999999994,0.8660254037844387,12.0,8.0,33.0,17.666666666666668,15.833333333333334,2026-02-01
2026-01-01,Flintshire 008C,W01000279,1,0.49999999999999994,0.8660254037844387,2.0,2.0,10.0,4.666666666666667,5.833333333333333,2026-02-01
2026-01-01,Flintshire 010B,W01000280,1,0.49999999999999994,0.8660254037844387,4.0,2.0,5.0,3.6666666666666665,4.333333333333333,2026-02-01
2026-01-01,Flintshire 008D,W01000281,1,0.49999999999999994,0.8660254037844387,3.0,0.0,1.0,1.3333333333333333,1.6666666666666667,2026-02-01
2026-01-01,Flintshire 010C,W01000282,1,0.49999999999999994,0.8660254037844387,3.0,2.0,2.0,2.3333333333333335,2.3333333333333335,2026-02-01
2026-01-01,Flintshire 008E,W01000283,1,0.49999999999999994,0.8660254037844387,10.0,21.0,28.0,19.666666666666668,22.5,2026-02-01
2026-01-01,Flintshire 013C,W01000284,1,0.49999999999999994,0.8660254037844387,3.0,1.0,2.0,2.0,6.666666666666667,2026-02-01
2026-01-01,Flintshire 013D,W01000285,1,0.49999999999999994,0.8660254037844387,3.0,5.0,4.0,4.0,5.166666666666667,2026-02-01
2026-01-01,Flintshire 013E,W01000286,1,0.49999999999999994,0.8660254037844387,5.0,11.0,6.0,7.333333333333333,9.5,2026-02-01
2026-01-01,Flintshire 001A,W01000287,1,0.49999999999999994,0.8660254037844387,6.0,8.0,19.0,11.0,18.5,2026-02-01
2026-01-01,Flintshire 004A,W01000288,1,0.49999999999999994,0.8660254037844387,36.0,38.0,44.0,39.333333333333336,39.833333333333336,2026-02-01
2026-01-01,Flintshire 005A,W01000289,1,0.49999999999999994,0.8660254037844387,7.0,5.0,10.0,7.333333333333333,5.833333333333333,2026-02-01
2026-01-01,Flintshire 004B,W01000290,1,0.49999999999999994,0.8660254037844387,33.0,66.0,37.0,45.333333333333336,41.0,2026-02-01
2026-01-01,Flintshire 005B,W01000291,1,0.49999999999999994,0.8660254037844387,5.0,4.0,3.0,4.0,5.333333333333333,2026-02-01
2026-01-01,Flintshire 004C,W01000292,1,0.49999999999999994,0.8660254037844387,5.0,7.0,3.0,5.0,7.833333333333333,2026-02-01
2026-01-01,Flintshire 004D,W01000293,1,0.49999999999999994,0.8660254037844387,20.0,17.0,26.0,21.0,24.333333333333332,2026-02-01
2026-01-01,Flintshire 005C,W01000294,1,0.49999999999999994,0.8660254037844387,6.0,11.0,11.0,9.333333333333334,7.666666666666667,2026-02-01
2026-01-01,Flintshire 005D,W01000295,1,0.49999999999999994,0.8660254037844387,9.0,0.0,9.0,6.0,5.166666666666667,2026-02-01
2026-01-01,Flintshire 003C,W01000296,1,0.49999999999999994,0.8660254037844387,10.0,8.0,5.0,7.666666666666667,10.666666666666666,2026-02-01
2026-01-01,Flintshire 003D,W01000297,1,0.49999999999999994,0.8660254037844387,5.0,8.0,0.0,4.333333333333333,5.166666666666667,2026-02-01
2026-01-01,Flintshire 001B,W01000298,1,0.49999999999999994,0.8660254037844387,10.0,5.0,15.0,10.0,11.0,2026-02-01
2026-01-01,Flintshire 019A,W01000299,1,0.49999999999999994,0.8660254037844387,1.0,9.0,4.0,4.666666666666667,2.6666666666666665,2026-02-01
2026-01-01,Flintshire 019B,W01000300,1,0.49999999999999994,0.8660254037844387,3.0,3.0,7.0,4.333333333333333,3.3333333333333335,2026-02-01
2026-01-01,Flintshire 006E,W01000301,1,0.49999999999999994,0.8660254037844387,4.0,2.0,2.0,2.6666666666666665,6.166666666666667,2026-02-01
2026-01-01,Flintshire 013F,W01000302,1,0.49999999999999994,0.8660254037844387,3.0,6.0,0.0,3.0,3.5,2026-02-01
2026-01-01,Flintshire 018A,W01000303,1,0.49999999999999994,0.8660254037844387,3.0,4.0,1.0,2.6666666666666665,2.6666666666666665,2026-02-01
2026-01-01,Flintshire 003E,W01000304,1,0.49999999999999994,0.8660254037844387,25.0,46.0,64.0,45.0,46.5,2026-02-01
2026-01-01,Flintshire 003F,W01000305,1,0.49999999999999994,0.8660254037844387,3.0,5.0,13.0,7.0,8.333333333333334,2026-02-01
2026-01-01,Flintshire 002A,W01000306,1,0.49999999999999994,0.8660254037844387,10.0,21.0,12.0,14.333333333333334,20.666666666666668,2026-02-01
2026-01-01,Flintshire 020B,W01000307,1,0.49999999999999994,0.8660254037844387,8.0,3.0,1.0,4.0,3.6666666666666665,2026-02-01
2026-01-01,Flintshire 020C,W01000308,1,0.49999999999999994,0.8660254037844387,5.0,6.0,5.0,5.333333333333333,5.5,2026-02-01
2026-01-01,Flintshire 019C,W01000309,1,0.49999999999999994,0.8660254037844387,9.0,7.0,7.0,7.666666666666667,9.166666666666666,2026-02-01
2026-01-01,Flintshire 020D,W01000310,1,0.49999999999999994,0.8660254037844387,5.0,8.0,6.0,6.333333333333333,5.833333333333333,2026-02-01
2026-01-01,Flintshire 011A,W01000311,1,0.49999999999999994,0.8660254037844387,10.0,10.0,7.0,9.0,7.666666666666667,2026-02-01
2026-01-01,Flintshire 011B,W01000312,1,0.49999999999999994,0.8660254037844387,5.0,9.0,7.0,7.0,7.5,2026-02-01
2026-01-01,Flintshire 016A,W01000313,1,0.49999999999999994,0.8660254037844387,10.0,6.0,9.0,8.333333333333334,10.166666666666666,2026-02-01
2026-01-01,Flintshire 016B,W01000314,1,0.49999999999999994,0.8660254037844387,15.0,7.0,15.0,12.333333333333334,13.666666666666666,2026-02-01
2026-01-01,Flintshire 016C,W01000315,1,0.49999999999999994,0.8660254037844387,42.0,39.0,49.0,43.333333333333336,40.833333333333336,2026-02-01
2026-01-01,Flintshire 016D,W01000316,1,0.49999999999999994,0.8660254037844387,2.0,3.0,8.0,4.333333333333333,5.333333333333333,2026-02-01
2026-01-01,Flintshire 016E,W01000317,1,0.49999999999999994,0.8660254037844387,2.0,3.0,2.0,2.3333333333333335,3.8333333333333335,2026-02-01
2026-01-01,Flintshire 016F,W01000318,1,0.49999999999999994,0.8660254037844387,12.0,14.0,16.0,14.0,15.5,2026-02-01
2026-01-01,Flintshire 016G,W01000319,1,0.49999999999999994,0.8660254037844387,23.0,12.0,9.0,14.666666666666666,14.333333333333334,2026-02-01
2026-01-01,Flintshire 002B,W01000320,1,0.49999999999999994,0.8660254037844387,20.0,13.0,19.0,17.333333333333332,19.166666666666668,2026-02-01
2026-01-01,Flintshire 014D,W01000321,1,0.49999999999999994,0.8660254037844387,5.0,3.0,2.0,3.3333333333333335,3.3333333333333335,2026-02-01
2026-01-01,Flintshire 014E,W01000322,1,0.49999999999999994,0.8660254037844387,6.0,14.0,10.0,10.0,15.833333333333334,2026-02-01
2026-01-01,Flintshire 012C,W01000323,1,0.49999999999999994,0.8660254037844387,0.0,9.0,5.0,4.666666666666667,5.333333333333333,2026-02-01
2026-01-01,Flintshire 012D,W01000324,1,0.49999999999999994,0.8660254037844387,1.0,0.0,4.0,1.6666666666666667,1.8333333333333333,2026-02-01
2026-01-01,Flintshire 010D,W01000325,1,0.49999999999999994,0.8660254037844387,3.0,7.0,3.0,4.333333333333333,6.0,2026-02-01
2026-01-01,Flintshire 018B,W01000326,1,0.49999999999999994,0.8660254037844387,3.0,2.0,11.0,5.333333333333333,6.0,2026-02-01
2026-01-01,Flintshire 018C,W01000327,1,0.49999999999999994,0.8660254037844387,13.0,5.0,14.0,10.666666666666666,8.0,2026-02-01
2026-01-01,Flintshire 011C,W01000328,1,0.49999999999999994,0.8660254037844387,16.0,18.0,16.0,16.666666666666668,17.833333333333332,2026-02-01
2026-01-01,Flintshire 015D,W01000329,1,0.49999999999999994,0.8660254037844387,6.0,10.0,15.0,10.333333333333334,9.666666666666666,2026-02-01
2026-01-01,Flintshire 015E,W01000330,1,0.49999999999999994,0.8660254037844387,16.0,9.0,7.0,10.666666666666666,10.0,2026-02-01
2026-01-01,Flintshire 015F,W01000331,1,0.49999999999999994,0.8660254037844387,5.0,5.0,6.0,5.333333333333333,6.5,2026-02-01
2026-01-01,Flintshire 009A,W01000332,1,0.49999999999999994,0.8660254037844387,12.0,24.0,18.0,18.0,16.5,2026-02-01
2026-01-01,Flintshire 009B,W01000333,1,0.49999999999999994,0.8660254037844387,19.0,21.0,18.0,19.333333333333332,22.833333333333332,2026-02-01
2026-01-01,Flintshire 009C,W01000334,1,0.49999999999999994,0.8660254037844387,15.0,16.0,11.0,14.0,15.666666666666666,2026-02-01
2026-01-01,Flintshire 009D,W01000335,1,0.49999999999999994,0.8660254037844387,17.0,9.0,19.0,15.0,14.333333333333334,2026-02-01
2026-01-01,Flintshire 009E,W01000336,1,0.49999999999999994,0.8660254037844387,22.0,26.0,25.0,24.333333333333332,24.833333333333332,2026-02-01
2026-01-01,Flintshire 009F,W01000337,1,0.49999999999999994,0.8660254037844387,22.0,19.0,17.0,19.333333333333332,21.333333333333332,2026-02-01
2026-01-01,Flintshire 001C,W01000338,1,0.49999999999999994,0.8660254037844387,9.0,3.0,4.0,5.333333333333333,5.666666666666667,2026-02-01
2026-01-01,Flintshire 019D,W01000339,1,0.49999999999999994,0.8660254037844387,6.0,2.0,4.0,4.0,4.333333333333333,2026-02-01
2026-01-01,Flintshire 002C,W01000340,1,0.49999999999999994,0.8660254037844387,5.0,8.0,5.0,6.0,7.166666666666667,2026-02-01
2026-01-01,Wrexham 009A,W01000341,1,0.49999999999999994,0.8660254037844387,28.0,0.0,17.0,15.0,8.833333333333334,2026-02-01
2026-01-01,Wrexham 023C,W01000341,1,0.49999999999999994,0.8660254037844387,0.0,28.0,0.0,9.333333333333334,8.833333333333334,2026-02-01
2026-01-01,Wrexham 009B,W01000342,1,0.49999999999999994,0.8660254037844387,15.0,0.0,9.0,8.0,6.0,2026-02-01
2026-01-01,Wrexham 023E,W01000342,1,0.49999999999999994,0.8660254037844387,0.0,15.0,0.0,5.0,6.0,2026-02-01
2026-01-01,Wrexham 007A,W01000343,1,0.49999999999999994,0.8660254037844387,0.0,0.0,0.0,0.0,0.3333333333333333,2026-02-01
2026-01-01,Wrexham 023B,W01000343,1,0.49999999999999994,0.8660254037844387,0.0,0.0,0.0,0.0,0.3333333333333333,2026-02-01
2026-01-01,Wrexham 007B,W01000344,1,0.49999999999999994,0.8660254037844387,3.0,0.0,5.0,2.6666666666666665,1.5,2026-02-01
2026-01-01,Wrexham 023A,W01000344,1,0.49999999999999994,0.8660254037844387,0.0,3.0,0.0,1.0,1.5,2026-02-01
2026-01-01,Wrexham 018A,W01000345,1,0.49999999999999994,0.8660254037844387,5.0,7.0,4.0,5.333333333333333,4.666666666666667,2026-02-01
2026-01-01,Wrexham 018B,W01000346,1,0.49999999999999994,0.8660254037844387,3.0,7.0,3.0,4.333333333333333,4.666666666666667,2026-02-01
2026-01-01,Wrexham 006A,W01000347,1,0.49999999999999994,0.8660254037844387,9.0,9.0,14.0,10.666666666666666,13.333333333333334,2026-02-01
2026-01-01,Wrexham 006B,W01000348,1,0.49999999999999994,0.8660254037844387,3.0,3.0,5.0,3.6666666666666665,4.833333333333333,2026-02-01
2026-01-01,Wrexham 011A,W01000349,1,0.49999999999999994,0.8660254037844387,27.0,31.0,39.0,32.333333333333336,34.0,2026-02-01
2026-01-01,Wrexham 011B,W01000350,1,0.49999999999999994,0.8660254037844387,61.0,67.0,73.0,67.0,70.16666666666667,2026-02-01
2026-01-01,Wrexham 005A,W01000351,1,0.49999999999999994,0.8660254037844387,4.0,10.0,9.0,7.666666666666667,8.0,2026-02-01
2026-01-01,Wrexham 010A,W01000352,1,0.49999999999999994,0.8660254037844387,0.0,0.0,0.0,0.0,0.0,2026-02-01
2026-01-01,Wrexham 010B,W01000353,1,0.49999999999999994,0.8660254037844387,0.0,0.0,0.0,0.0,0.0,2026-02-01
2026-01-01,Wrexham 017A,W01000354,1,0.49999999999999994,0.8660254037844387,7.0,20.0,10.0,12.333333333333334,12.0,2026-02-01
2026-01-01,Wrexham 017B,W01000355,1,0.49999999999999994,0.8660254037844387,10.0,7.0,6.0,7.666666666666667,9.666666666666666,2026-02-01
2026-01-01,Wrexham 017C,W01000356,1,0.49999999999999994,0.8660254037844387,4.0,11.0,5.0,6.666666666666667,6.666666666666667,2026-02-01
2026-01-01,Wrexham 019C,W01000359,1,0.49999999999999994,0.8660254037844387,4.0,2.0,7.0,4.333333333333333,4.333333333333333,2026-02-01
2026-01-01,Wrexham 019D,W01000360,1,0.49999999999999994,0.8660254037844387,12.0,8.0,15.0,11.666666666666666,10.833333333333334,2026-02-01
2026-01-01,Wrexham 019E,W01000361,1,0.49999999999999994,0.8660254037844387,18.0,20.0,13.0,17.0,19.0,2026-02-01
2026-01-01,Wrexham 006C,W01000362,1,0.49999999999999994,0.8660254037844387,5.0,6.0,9.0,6.666666666666667,7.333333333333333,2026-02-01
2026-01-01,Wrexham 006D,W01000363,1,0.49999999999999994,0.8660254037844387,3.0,5.0,4.0,4.0,5.333333333333333,2026-02-01
2026-01-01,Wrexham 006E,W01000364,1,0.49999999999999994,0.8660254037844387,11.0,4.0,9.0,8.0,10.166666666666666,2026-02-01
2026-01-01,Wrexham 011C,W01000365,1,0.49999999999999994,0.8660254037844387,23.0,22.0,24.0,23.0,25.0,2026-02-01
2026-01-01,Wrexham 014A,W01000366,1,0.49999999999999994,0.8660254037844387,13.0,10.0,14.0,12.333333333333334,9.666666666666666,2026-02-01
2026-01-01,Wrexham 014B,W01000367,1,0.49999999999999994,0.8660254037844387,5.0,7.0,8.0,6.666666666666667,7.0,2026-02-01
2026-01-01,Wrexham 008A,W01000368,1,0.49999999999999994,0.8660254037844387,4.0,2.0,5.0,3.6666666666666665,4.5,2026-02-01
2026-01-01,Wrexham 020F,W01000369,1,0.49999999999999994,0.8660254037844387,5.0,0.0,0.0,1.6666666666666667,2.0,2026-02-01
2026-01-01,Wrexham 021B,W01000369,1,0.49999999999999994,0.8660254037844387,0.0,5.0,0.0,1.6666666666666667,2.0,2026-02-01
2026-01-01,Wrexham 020G,W01000370,1,0.49999999999999994,0.8660254037844387,3.0,0.0,1.0,1.3333333333333333,2.0,2026-02-01
2026-01-01,Wrexham 021D,W01000370,1,0.49999999999999994,0.8660254037844387,0.0,3.0,0.0,1.0,2.0,2026-02-01
2026-01-01,Wrexham 008B,W01000371,1,0.49999999999999994,0.8660254037844387,6.0,4.0,9.0,6.333333333333333,7.666666666666667,2026-02-01
2026-01-01,Wrexham 008C,W01000372,1,0.49999999999999994,0.8660254037844387,98.0,100.0,117.0,105.0,105.0,2026-02-01
2026-01-01,Wrexham 005B,W01000373,1,0.49999999999999994,0.8660254037844387,4.0,13.0,14.0,10.333333333333334,13.166666666666666,2026-02-01
2026-01-01,Wrexham 003A,W01000374,1,0.49999999999999994,0.8660254037844387,29.0,22.0,18.0,23.0,18.166666666666668,2026-02-01
2026-01-01,Wrexham 003B,W01000375,1,0.49999999999999994,0.8660254037844387,16.0,17.0,18.0,17.0,16.333333333333332,2026-02-01
2026-01-01,Wrexham 003C,W01000376,1,0.49999999999999994,0.8660254037844387,3.0,2.0,1.0,2.0,2.0,2026-02-01
2026-01-01,Wrexham 004A,W01000377,1,0.49999999999999994,0.8660254037844387,3.0,4.0,7.0,4.666666666666667,5.166666666666667,2026-02-01
2026-01-01,Wrexham 004B,W01000378,1,0.49999999999999994,0.8660254037844387,5.0,15.0,4.0,8.0,9.333333333333334,2026-02-01
2026-01-01,Wrexham 004C,W01000379,1,0.49999999999999994,0.8660254037844387,12.0,17.0,11.0,13.333333333333334,16.166666666666668,2026-02-01
2026-01-01,Wrexham 004D,W01000380,1,0.49999999999999994,0.8660254037844387,1.0,4.0,7.0,4.0,3.6666666666666665,2026-02-01
2026-01-01,Wrexham 012A,W01000381,1,0.49999999999999994,0.8660254037844387,8.0,9.0,16.0,11.0,12.833333333333334,2026-02-01
2026-01-01,Wrexham 012B,W01000382,1,0.49999999999999994,0.8660254037844387,4.0,11.0,6.0,7.0,9.5,2026-02-01
2026-01-01,Wrexham 020A,W01000383,1,0.49999999999999994,0.8660254037844387,0.0,0.0,0.0,0.0,0.0,2026-02-01
2026-01-01,Wrexham 020B,W01000384,1,0.49999999999999994,0.8660254037844387,0.0,0.0,5.0,1.6666666666666667,1.0,2026-02-01
2026-01-01,Wrexham 022C,W01000384,1,0.49999999999999994,0.8660254037844387,0.0,0.0,0.0,0.0,1.0,2026-02-01
2026-01-01,Wrexham 014C,W01000385,1,0.49999999999999994,0.8660254037844387,12.0,8.0,2.0,7.333333333333333,5.833333333333333,2026-02-01
2026-01-01,Wrexham 015A,W01000386,1,0.49999999999999994,0.8660254037844387,11.0,15.0,17.0,14.333333333333334,15.5,2026-02-01
2026-01-01,Wrexham 008D,W01000387,1,0.49999999999999994,0.8660254037844387,1.0,2.0,0.0,1.0,1.6666666666666667,2026-02-01
2026-01-01,Wrexham 008E,W01000388,1,0.49999999999999994,0.8660254037844387,2.0,1.0,1.0,1.3333333333333333,2.3333333333333335,2026-02-01
2026-01-01,Wrexham 017D,W01000389,1,0.49999999999999994,0.8660254037844387,4.0,4.0,7.0,5.0,6.666666666666667,2026-02-01
2026-01-01,Wrexham 020C,W01000390,1,0.49999999999999994,0.8660254037844387,14.0,0.0,10.0,8.0,5.666666666666667,2026-02-01
2026-01-01,Wrexham 021A,W01000390,1,0.49999999999999994,0.8660254037844387,0.0,14.0,0.0,4.666666666666667,5.666666666666667,2026-02-01
2026-01-01,Wrexham 003D,W01000391,1,0.49999999999999994,0.8660254037844387,8.0,11.0,5.0,8.0,8.5,2026-02-01
2026-01-01,Wrexham 003E,W01000392,1,0.49999999999999994,0.8660254037844387,3.0,1.0,6.0,3.3333333333333335,8.5,2026-02-01
2026-01-01,Wrexham 009C,W01000393,1,0.49999999999999994,0.8660254037844387,29.0,0.0,17.0,15.333333333333334,10.333333333333334,2026-02-01
2026-01-01,Wrexham 023G,W01000393,1,0.49999999999999994,0.8660254037844387,0.0,29.0,0.0,9.666666666666666,10.333333333333334,2026-02-01
2026-01-01,Wrexham 016A,W01000394,1,0.49999999999999994,0.8660254037844387,6.0,4.0,4.0,4.666666666666667,5.166666666666667,2026-02-01
2026-01-01,Wrexham 016B,W01000395,1,0.49999999999999994,0.8660254037844387,3.0,9.0,7.0,6.333333333333333,5.0,2026-02-01
2026-01-01,Wrexham 020H,W01000396,1,0.49999999999999994,0.8660254037844387,0.0,0.0,0.0,0.0,0.0,2026-02-01
2026-01-01,Wrexham 020I,W01000397,1,0.49999999999999994,0.8660254037844387,0.0,0.0,0.0,0.0,0.0,2026-02-01
2026-01-01,Wrexham 013A,W01000398,1,0.49999999999999994,0.8660254037844387,9.0,4.0,6.0,6.333333333333333,6.333333333333333,2026-02-01
2026-01-01,Wrexham 013B,W01000399,1,0.49999999999999994,0.8660254037844387,8.0,4.0,9.0,7.0,6.666666666666667,2026-02-01
2026-01-01,Wrexham 005C,W01000400,1,0.49999999999999994,0.8660254037844387,9.0,16.0,16.0,13.666666666666666,13.333333333333334,2026-02-01
2026-01-01,Wrexham 005D,W01000401,1,0.49999999999999994,0.8660254037844387,12.0,8.0,17.0,12.333333333333334,11.833333333333334,2026-02-01
2026-01-01,Wrexham 011D,W01000402,1,0.49999999999999994,0.8660254037844387,39.0,38.0,30.0,35.666666666666664,38.0,2026-02-01
2026-01-01,Wrexham 018C,W01000403,1,0.49999999999999994,0.8660254037844387,2.0,1.0,1.0,1.3333333333333333,3.1666666666666665,2026-02-01
2026-01-01,Wrexham 018D,W01000404,1,0.49999999999999994,0.8660254037844387,5.0,7.0,5.0,5.666666666666667,7.166666666666667,2026-02-01
2026-01-01,Wrexham 015B,W01000405,1,0.49999999999999994,0.8660254037844387,15.0,10.0,17.0,14.0,13.166666666666666,2026-02-01
2026-01-01,Wrexham 013C,W01000406,1,0.49999999999999994,0.8660254037844387,21.0,15.0,13.0,16.333333333333332,15.666666666666666,2026-02-01
2026-01-01,Wrexham 016C,W01000407,1,0.49999999999999994,0.8660254037844387,16.0,8.0,4.0,9.333333333333334,15.666666666666666,2026-02-01
2026-01-01,Wrexham 013D,W01000408,1,0.49999999999999994,0.8660254037844387,2.0,3.0,12.0,5.666666666666667,5.0,2026-02-01
2026-01-01,Wrexham 017E,W01000409,1,0.49999999999999994,0.8660254037844387,14.0,25.0,17.0,18.666666666666668,26.333333333333332,2026-02-01
2026-01-01,Wrexham 014D,W01000410,1,0.49999999999999994,0.8660254037844387,10.0,8.0,11.0,9.666666666666666,10.833333333333334,2026-02-01
2026-01-01,Wrexham 015C,W01000411,1,0.49999999999999994,0.8660254037844387,19.0,16.0,14.0,16.333333333333332,18.0,2026-02-01
2026-01-01,Wrexham 015D,W01000412,1,0.49999999999999994,0.8660254037844387,9.0,9.0,11.0,9.666666666666666,9.5,2026-02-01
2026-01-01,Wrexham 010C,W01000413,1,0.49999999999999994,0.8660254037844387,15.0,24.0,29.0,22.666666666666668,30.666666666666668,2026-02-01
2026-01-01,Wrexham 010D,W01000414,1,0.49999999999999994,0.8660254037844387,2.0,18.0,13.0,11.0,12.0,2026-02-01
2026-01-01,Wrexham 007C,W01000415,1,0.49999999999999994,0.8660254037844387,6.0,0.0,13.0,6.333333333333333,4.166666666666667,2026-02-01
2026-01-01,Wrexham 023F,W01000415,1,0.49999999999999994,0.8660254037844387,0.0,6.0,0.0,2.0,4.166666666666667,2026-02-01
2026-01-01,Wrexham 007D,W01000416,1,0.49999999999999994,0.8660254037844387,0.0,0.0,6.0,2.0,1.1666666666666667,2026-02-01
2026-01-01,Wrexham 023D,W01000416,1,0.49999999999999994,0.8660254037844387,0.0,0.0,0.0,0.0,1.1666666666666667,2026-02-01
2026-01-01,Wrexham 020D,W01000417,1,0.49999999999999994,0.8660254037844387,5.0,0.0,5.0,3.3333333333333335,2.5,2026-02-01
2026-01-01,Wrexham 022B,W01000417,1,0.49999999999999994,0.8660254037844387,0.0,5.0,0.0,1.6666666666666667,2.5,2026-02-01
2026-01-01,Wrexham 020E,W01000418,1,0.49999999999999994,0.8660254037844387,9.0,0.0,26.0,11.666666666666666,7.5,2026-02-01
2026-01-01,Wrexham 022A,W01000418,1,0.49999999999999994,0.8660254037844387,0.0,9.0,0.0,3.0,7.5,2026-02-01
2026-01-01,Wrexham 016D,W01000419,1,0.49999999999999994,0.8660254037844387,11.0,9.0,9.0,9.666666666666666,11.833333333333334,2026-02-01
2026-01-01,Wrexham 016E,W01000420,1,0.49999999999999994,0.8660254037844387,21.0,12.0,10.0,14.333333333333334,12.833333333333334,2026-02-01
2026-01-01,Wrexham 008F,W01000422,1,0.49999999999999994,0.8660254037844387,14.0,10.0,9.0,11.0,15.333333333333334,2026-02-01
2026-01-01,Wrexham 012D,W01000423,1,0.49999999999999994,0.8660254037844387,20.0,24.0,31.0,25.0,31.666666666666668,2026-02-01
2026-01-01,Wrexham 012E,W01000424,1,0.49999999999999994,0.8660254037844387,1.0,6.0,5.0,4.0,7.0,2026-02-01
2026-01-01,Wrexham 010E,W01000425,1,0.49999999999999994,0.8660254037844387,26.0,18.0,26.0,23.333333333333332,27.166666666666668,2026-02-01
2026-01-01,Powys 004A,W01000442,1,0.49999999999999994,0.8660254037844387,0.0,0.0,0.0,0.0,0.0,2026-02-01
2026-01-01,Carmarthenshire 008C,W01000693,1,0.49999999999999994,0.8660254037844387,0.0,0.0,0.0,0.0,0.0,2026-02-01
2026-01-01,Conwy 011F,W01001926,1,0.49999999999999994,0.8660254037844387,3.0,6.0,5.0,4.666666666666667,6.0,2026-02-01
2026-01-01,Conwy 010G,W01001927,1,0.49999999999999994,0.8660254037844387,8.0,9.0,3.0,6.666666666666667,8.166666666666666,2026-02-01
2026-01-01,Conwy 010H,W01001928,1,0.49999999999999994,0.8660254037844387,17.0,37.0,30.0,28.0,30.0,2026-02-01
2026-01-01,Wrexham 012F,W01001929,1,0.49999999999999994,0.8660254037844387,13.0,7.0,6.0,8.666666666666666,10.333333333333334,2026-02-01
2026-01-01,Wrexham 019F,W01001930,1,0.49999999999999994,0.8660254037844387,6.0,10.0,5.0,7.0,6.833333333333333,2026-02-01
2026-01-01,Wrexham 012G,W01001931,1,0.49999999999999994,0.8660254037844387,56.0,64.0,64.0,61.333333333333336,65.0,2026-02-01
2026-01-01,Gwynedd 014E,W01001932,1,0.49999999999999994,0.8660254037844387,3.0,8.0,2.0,4.333333333333333,4.333333333333333,2026-02-01
2026-01-01,Gwynedd 017F,W01001933,1,0.49999999999999994,0.8660254037844387,14.0,6.0,3.0,7.666666666666667,8.833333333333334,2026-02-01
2026-01-01,Wrexham 010F,W01001969,1,0.49999999999999994,0.8660254037844387,28.0,14.0,36.0,26.0,26.5,2026-02-01
2026-01-01,Wrexham 021C,W01001970,1,0.49999999999999994,0.8660254037844387,7.0,10.0,7.0,8.0,6.333333333333333,2026-02-01
2026-01-01,Wrexham 022D,W01001971,1,0.49999999999999994,0.8660254037844387,23.0,26.0,23.0,24.0,25.0,2026-02-01
2026-01-01,Wrexham 022E,W01001972,1,0.49999999999999994,0.8660254037844387,3.0,3.0,3.0,3.0,3.3333333333333335,2026-02-01
2026-01-01,Gwynedd 013E,W01002003,1,0.49999999999999994,0.8660254037844387,9.0,13.0,5.0,9.0,16.333333333333332,2026-02-01
2026-01-01,Gwynedd 016F,W01002004,1,0.49999999999999994,0.8660254037844387,5.0,19.0,13.0,12.333333333333334,16.333333333333332,2026-02-01
2026-01-01,Isle of Anglesey 002E,W01002005,1,0.49999999999999994,0.8660254037844387,4.0,2.0,3.0,3.0,3.6666666666666665,2026-02-01
2026-01-01,Isle of Anglesey 004G,W01002007,1,0.49999999999999994,0.8660254037844387,23.0,18.0,16.0,19.0,17.0,2026-02-01
2026-01-01,Isle of Anglesey 007F,W01002008,1,0.49999999999999994,0.8660254037844387,5.0,7.0,11.0,7.666666666666667,8.333333333333334,2026-02-01
